building_address,building_lat,building_lng,intersection_id,intersection_lat,intersection_lng,shortest_distance_meters
384 Bridge Street,40.6916513,-73.9857347,42464631,40.6920559,-73.9826228,642.322
384 Bridge Street,40.6916513,-73.9857347,42464823,40.6921704,-73.9891263,428.765
384 Bridge Street,40.6916513,-73.9857347,42464824,40.6918024,-73.9882134,341.592
384 Bridge Street,40.6916513,-73.9857347,42464827,40.6914546,-73.9873387,258.319
384 Bridge Street,40.6916513,-73.9857347,42464832,40.690663,-73.9853532,166.436
384 Bridge Street,40.6916513,-73.9857347,42464834,40.690561,-73.985105,190.238
384 Bridge Street,40.6916513,-73.9857347,42464836,40.690292,-73.984433,254.30700000000002
384 Bridge Street,40.6916513,-73.9857347,42464838,40.6901448,-73.9840629,289.543
384 Bridge Street,40.6916513,-73.9857347,42464844,40.6897015,-73.9829511,395.455
384 Bridge Street,40.6916513,-73.9857347,42464847,40.689358,-73.982098,476.89599999999996
384 Bridge Street,40.6916513,-73.9857347,42464848,40.6889411,-73.9810499,576.6899999999999
384 Bridge Street,40.6916513,-73.9857347,42466438,40.6887841,-73.9835721,510.118
384 Bridge Street,40.6916513,-73.9857347,42469226,40.6932563,-73.9881544,504.254
384 Bridge Street,40.6916513,-73.9857347,42469228,40.6922794,-73.9881997,395.561
384 Bridge Street,40.6916513,-73.9857347,42480566,40.693036,-73.984292,520.7550000000001
384 Bridge Street,40.6916513,-73.9857347,42480569,40.6930502,-73.9852301,441.64700000000005
384 Bridge Street,40.6916513,-73.9857347,42480571,40.693088,-73.986226,357.57500000000005
384 Bridge Street,40.6916513,-73.9857347,42481889,40.6949665,-73.987162,476.092
384 Bridge Street,40.6916513,-73.9857347,42491554,40.6959659,-73.9845903,809.6869999999999
384 Bridge Street,40.6916513,-73.9857347,42491582,40.6911662,-73.9821756,748.193
384 Bridge Street,40.6916513,-73.9857347,42491585,40.6899297,-73.9815542,733.329
384 Bridge Street,40.6916513,-73.9857347,42491589,40.688761,-73.980843,603.2489999999999
384 Bridge Street,40.6916513,-73.9857347,42492210,40.6904673,-73.9878775,377.598
384 Bridge Street,40.6916513,-73.9857347,42492213,40.6898629,-73.9882859,453.112
384 Bridge Street,40.6916513,-73.9857347,42494919,40.6922042,-73.9862727,84.05000000000001
384 Bridge Street,40.6916513,-73.9857347,42494920,40.6921587,-73.9852776,0.0
384 Bridge Street,40.6916513,-73.9857347,42494921,40.6921272,-73.9843423,621.8990000000001
384 Bridge Street,40.6916513,-73.9857347,42494924,40.6920899,-73.9833969,576.946
384 Bridge Street,40.6916513,-73.9857347,42496432,40.691039,-73.9894028,521.292
384 Bridge Street,40.6916513,-73.9857347,42497737,40.6960551,-73.9871076,597.227
384 Bridge Street,40.6916513,-73.9857347,42502404,40.689222,-73.9846917,405.389
384 Bridge Street,40.6916513,-73.9857347,42510861,40.6901632,-73.9870995,436.23
384 Bridge Street,40.6916513,-73.9857347,42515825,40.6903899,-73.9898327,602.125
384 Bridge Street,40.6916513,-73.9857347,42523094,40.6890086,-73.9861587,385.288
384 Bridge Street,40.6916513,-73.9857347,42523684,40.6896291,-73.985733,306.60900000000004
384 Bridge Street,40.6916513,-73.9857347,42523688,40.688451,-73.9827164,591.219
384 Bridge Street,40.6916513,-73.9857347,42523691,40.6879371,-73.9813995,706.18
384 Bridge Street,40.6916513,-73.9857347,42523903,40.6905587,-73.9826854,828.26
384 Bridge Street,40.6916513,-73.9857347,278630368,40.692096,-73.9889495,411.717
384 Bridge Street,40.6916513,-73.9857347,278630910,40.6909958,-73.9892384,506.622
384 Bridge Street,40.6916513,-73.9857347,278631323,40.6903367,-73.9896591,617.912
384 Bridge Street,40.6916513,-73.9857347,278632281,40.6925287,-73.9888795,460.289
384 Bridge Street,40.6916513,-73.9857347,278632502,40.6950187,-73.9886923,737.8740000000001
384 Bridge Street,40.6916513,-73.9857347,278632503,40.6961134,-73.988653,859.6840000000001
384 Bridge Street,40.6916513,-73.9857347,588036470,40.6910889,-73.986427,268.60900000000004
384 Bridge Street,40.6916513,-73.9857347,597844593,40.6929609,-73.9833513,719.2130000000001
384 Bridge Street,40.6916513,-73.9857347,597844596,40.6930266,-73.9831149,729.182
384 Bridge Street,40.6916513,-73.9857347,597844756,40.6924916,-73.9905666,556.226
384 Bridge Street,40.6916513,-73.9857347,597844772,40.6936062,-73.9835754,644.2940000000001
384 Bridge Street,40.6916513,-73.9857347,1258875373,40.6913337,-73.9820768,885.901
384 Bridge Street,40.6916513,-73.9857347,1258875489,40.6899251,-73.9813796,718.5989999999999
384 Bridge Street,40.6916513,-73.9857347,1258875710,40.6920539,-73.9824379,657.913
384 Bridge Street,40.6916513,-73.9857347,1258875754,40.688872,-73.9808694,593.7379999999999
384 Bridge Street,40.6916513,-73.9857347,1258945540,40.6932475,-73.9887372,541.818
384 Bridge Street,40.6916513,-73.9857347,1258945651,40.693201,-73.9888695,535.129
384 Bridge Street,40.6916513,-73.9857347,1693893347,40.6931259,-73.9872481,271.295
384 Bridge Street,40.6916513,-73.9857347,2696777590,40.6899461,-73.983563,337.132
384 Bridge Street,40.6916513,-73.9857347,3026465132,40.6936053,-73.9833753,661.1650000000001
384 Bridge Street,40.6916513,-73.9857347,3536386693,40.6932538,-73.9862175,376.02500000000003
384 Bridge Street,40.6916513,-73.9857347,4526565698,40.693721,-73.9834313,1077.788
384 Bridge Street,40.6916513,-73.9857347,4735727610,40.6922318,-73.9872962,171.793
384 Bridge Street,40.6916513,-73.9857347,5009155051,40.694921,-73.9860671,568.56
384 Bridge Street,40.6916513,-73.9857347,6933321234,40.6910987,-73.9891992,518.545
384 Bridge Street,40.6916513,-73.9857347,6993160951,40.6936085,-73.9842856,584.4170000000001
384 Bridge Street,40.6916513,-73.9857347,10001058440,40.6949359,-73.988697,728.6590000000001
384 Bridge Street,40.6916513,-73.9857347,11381945329,40.695257,-73.9886807,764.3900000000001
384 Bridge Street,40.6916513,-73.9857347,11381945330,40.6961114,-73.9885861,859.8460000000001
33 Bond Street,40.6882557,-73.9832149,42464631,40.6920559,-73.9826228,558.489
33 Bond Street,40.6882557,-73.9832149,42464823,40.6921704,-73.9891263,760.407
33 Bond Street,40.6882557,-73.9832149,42464824,40.6918024,-73.9882134,692.071
33 Bond Street,40.6882557,-73.9832149,42464827,40.6914546,-73.9873387,608.798
33 Bond Street,40.6882557,-73.9832149,42464832,40.690663,-73.9853532,636.403
33 Bond Street,40.6882557,-73.9832149,42464834,40.690561,-73.985105,660.205
33 Bond Street,40.6882557,-73.9832149,42464836,40.690292,-73.984433,724.274
33 Bond Street,40.6882557,-73.9832149,42464838,40.6901448,-73.9840629,302.817
33 Bond Street,40.6882557,-73.9832149,42464844,40.6897015,-73.9829511,194.976
33 Bond Street,40.6882557,-73.9832149,42464847,40.689358,-73.982098,113.53500000000001
33 Bond Street,40.6882557,-73.9832149,42464848,40.6889411,-73.9810499,213.329
33 Bond Street,40.6882557,-73.9832149,42466438,40.6887841,-73.9835721,81.10100000000001
33 Bond Street,40.6882557,-73.9832149,42469226,40.6932563,-73.9881544,854.733
33 Bond Street,40.6882557,-73.9832149,42469228,40.6922794,-73.9881997,746.04
33 Bond Street,40.6882557,-73.9832149,42480566,40.693036,-73.984292,1044.2859999999998
33 Bond Street,40.6882557,-73.9832149,42480569,40.6930502,-73.9852301,965.1779999999999
33 Bond Street,40.6882557,-73.9832149,42480571,40.693088,-73.986226,881.1059999999999
33 Bond Street,40.6882557,-73.9832149,42481889,40.6949665,-73.987162,999.6229999999999
33 Bond Street,40.6882557,-73.9832149,42491554,40.6959659,-73.9845903,1333.218
33 Bond Street,40.6882557,-73.9832149,42491582,40.6911662,-73.9821756,664.36
33 Bond Street,40.6882557,-73.9832149,42491585,40.6899297,-73.9815542,369.968
33 Bond Street,40.6882557,-73.9832149,42491589,40.688761,-73.980843,239.888
33 Bond Street,40.6882557,-73.9832149,42492210,40.6904673,-73.9878775,489.519
33 Bond Street,40.6882557,-73.9832149,42492213,40.6898629,-73.9882859,565.033
33 Bond Street,40.6882557,-73.9832149,42494919,40.6922042,-73.9862727,662.9300000000001
33 Bond Street,40.6882557,-73.9832149,42494920,40.6921587,-73.9852776,651.8629999999999
33 Bond Street,40.6882557,-73.9832149,42494921,40.6921272,-73.9843423,572.929
33 Bond Street,40.6882557,-73.9832149,42494924,40.6920899,-73.9833969,493.113
33 Bond Street,40.6882557,-73.9832149,42496432,40.691039,-73.9894028,633.213
33 Bond Street,40.6882557,-73.9832149,42497737,40.6960551,-73.9871076,1120.758
33 Bond Street,40.6882557,-73.9832149,42502404,40.689222,-73.9846917,187.31900000000002
33 Bond Street,40.6882557,-73.9832149,42510861,40.6901632,-73.9870995,415.72
33 Bond Street,40.6882557,-73.9832149,42515825,40.6903899,-73.9898327,714.0459999999999
33 Bond Street,40.6882557,-73.9832149,42523094,40.6890086,-73.9861587,364.778
33 Bond Street,40.6882557,-73.9832149,42523684,40.6896291,-73.985733,286.09900000000005
33 Bond Street,40.6882557,-73.9832149,42523688,40.688451,-73.9827164,0.0
33 Bond Street,40.6882557,-73.9832149,42523691,40.6879371,-73.9813995,124.877
33 Bond Street,40.6882557,-73.9832149,42523903,40.6905587,-73.9826854,744.427
33 Bond Street,40.6882557,-73.9832149,278630368,40.692096,-73.9889495,743.359
33 Bond Street,40.6882557,-73.9832149,278630910,40.6909958,-73.9892384,618.543
33 Bond Street,40.6882557,-73.9832149,278631323,40.6903367,-73.9896591,729.833
33 Bond Street,40.6882557,-73.9832149,278632281,40.6925287,-73.9888795,791.931
33 Bond Street,40.6882557,-73.9832149,278632502,40.6950187,-73.9886923,1069.516
33 Bond Street,40.6882557,-73.9832149,278632503,40.6961134,-73.988653,1191.3260000000002
33 Bond Street,40.6882557,-73.9832149,588036470,40.6910889,-73.986427,534.23
33 Bond Street,40.6882557,-73.9832149,597844593,40.6929609,-73.9833513,1242.744
33 Bond Street,40.6882557,-73.9832149,597844596,40.6930266,-73.9831149,1252.713
33 Bond Street,40.6882557,-73.9832149,597844756,40.6924916,-73.9905666,887.868
33 Bond Street,40.6882557,-73.9832149,597844772,40.6936062,-73.9835754,1167.8249999999998
33 Bond Street,40.6882557,-73.9832149,1258875373,40.6913337,-73.9820768,522.54
33 Bond Street,40.6882557,-73.9832149,1258875489,40.6899251,-73.9813796,355.238
33 Bond Street,40.6882557,-73.9832149,1258875710,40.6920539,-73.9824379,574.08
33 Bond Street,40.6882557,-73.9832149,1258875754,40.688872,-73.9808694,230.377
33 Bond Street,40.6882557,-73.9832149,1258945540,40.6932475,-73.9887372,873.46
33 Bond Street,40.6882557,-73.9832149,1258945651,40.693201,-73.9888695,866.7710000000001
33 Bond Street,40.6882557,-73.9832149,1693893347,40.6931259,-73.9872481,794.8259999999999
33 Bond Street,40.6882557,-73.9832149,2696777590,40.6899461,-73.983563,253.299
33 Bond Street,40.6882557,-73.9832149,3026465132,40.6936053,-73.9833753,1184.696
33 Bond Street,40.6882557,-73.9832149,3536386693,40.6932538,-73.9862175,899.5559999999999
33 Bond Street,40.6882557,-73.9832149,4526565698,40.693721,-73.9834313,1601.3190000000002
33 Bond Street,40.6882557,-73.9832149,4735727610,40.6922318,-73.9872962,695.324
33 Bond Street,40.6882557,-73.9832149,5009155051,40.694921,-73.9860671,1092.091
33 Bond Street,40.6882557,-73.9832149,6933321234,40.6910987,-73.9891992,630.466
33 Bond Street,40.6882557,-73.9832149,6993160951,40.6936085,-73.9842856,1107.9479999999999
33 Bond Street,40.6882557,-73.9832149,10001058440,40.6949359,-73.988697,1060.3010000000002
33 Bond Street,40.6882557,-73.9832149,11381945329,40.695257,-73.9886807,1096.0320000000002
33 Bond Street,40.6882557,-73.9832149,11381945330,40.6961114,-73.9885861,1191.488
540 Fulton Street,40.688788,-73.98152,42464631,40.6920559,-73.9826228,410.476
540 Fulton Street,40.688788,-73.98152,42464823,40.6921704,-73.9891263,1014.774
540 Fulton Street,40.688788,-73.98152,42464824,40.6918024,-73.9882134,946.438
540 Fulton Street,40.688788,-73.98152,42464827,40.6914546,-73.9873387,863.165
540 Fulton Street,40.688788,-73.98152,42464832,40.690663,-73.9853532,801.038
540 Fulton Street,40.688788,-73.98152,42464834,40.690561,-73.985105,823.9459999999999
540 Fulton Street,40.688788,-73.98152,42464836,40.690292,-73.984433,759.877
540 Fulton Street,40.688788,-73.98152,42464838,40.6901448,-73.9840629,557.184
540 Fulton Street,40.688788,-73.98152,42464844,40.6897015,-73.9829511,292.552
540 Fulton Street,40.688788,-73.98152,42464847,40.689358,-73.982098,367.90200000000004
540 Fulton Street,40.688788,-73.98152,42464848,40.6889411,-73.9810499,0.0
540 Fulton Street,40.688788,-73.98152,42466438,40.6887841,-73.9835721,335.468
540 Fulton Street,40.688788,-73.98152,42469226,40.6932563,-73.9881544,1109.1
540 Fulton Street,40.688788,-73.98152,42469228,40.6922794,-73.9881997,1000.4069999999999
540 Fulton Street,40.688788,-73.98152,42480566,40.693036,-73.984292,1155.3569999999997
540 Fulton Street,40.688788,-73.98152,42480569,40.6930502,-73.9852301,1076.2489999999998
540 Fulton Street,40.688788,-73.98152,42480571,40.693088,-73.986226,992.1769999999999
540 Fulton Street,40.688788,-73.98152,42481889,40.6949665,-73.987162,1110.694
540 Fulton Street,40.688788,-73.98152,42491554,40.6959659,-73.9845903,1444.289
540 Fulton Street,40.688788,-73.98152,42491582,40.6911662,-73.9821756,516.347
540 Fulton Street,40.688788,-73.98152,42491585,40.6899297,-73.9815542,156.63899999999998
540 Fulton Street,40.688788,-73.98152,42491589,40.688761,-73.980843,26.558999999999997
540 Fulton Street,40.688788,-73.98152,42492210,40.6904673,-73.9878775,743.886
540 Fulton Street,40.688788,-73.98152,42492213,40.6898629,-73.9882859,819.4
540 Fulton Street,40.688788,-73.98152,42494919,40.6922042,-73.9862727,718.652
540 Fulton Street,40.688788,-73.98152,42494920,40.6921587,-73.9852776,634.602
540 Fulton Street,40.688788,-73.98152,42494921,40.6921272,-73.9843423,555.668
540 Fulton Street,40.688788,-73.98152,42494924,40.6920899,-73.9833969,475.852
540 Fulton Street,40.688788,-73.98152,42496432,40.691039,-73.9894028,887.5799999999999
540 Fulton Street,40.688788,-73.98152,42497737,40.6960551,-73.9871076,1231.829
540 Fulton Street,40.688788,-73.98152,42502404,40.689222,-73.9846917,441.68600000000004
540 Fulton Street,40.688788,-73.98152,42510861,40.6901632,-73.9870995,670.087
540 Fulton Street,40.688788,-73.98152,42515825,40.6903899,-73.9898327,968.4129999999999
540 Fulton Street,40.688788,-73.98152,42523094,40.6890086,-73.9861587,619.145
540 Fulton Street,40.688788,-73.98152,42523684,40.6896291,-73.985733,540.466
540 Fulton Street,40.688788,-73.98152,42523688,40.688451,-73.9827164,254.36700000000002
540 Fulton Street,40.688788,-73.98152,42523691,40.6879371,-73.9813995,129.49
540 Fulton Street,40.688788,-73.98152,42523903,40.6905587,-73.9826854,596.414
540 Fulton Street,40.688788,-73.98152,278630368,40.692096,-73.9889495,997.726
540 Fulton Street,40.688788,-73.98152,278630910,40.6909958,-73.9892384,872.91
540 Fulton Street,40.688788,-73.98152,278631323,40.6903367,-73.9896591,984.1999999999999
540 Fulton Street,40.688788,-73.98152,278632281,40.6925287,-73.9888795,1046.298
540 Fulton Street,40.688788,-73.98152,278632502,40.6950187,-73.9886923,1323.8829999999998
540 Fulton Street,40.688788,-73.98152,278632503,40.6961134,-73.988653,1445.693
540 Fulton Street,40.688788,-73.98152,588036470,40.6910889,-73.986427,788.597
540 Fulton Street,40.688788,-73.98152,597844593,40.6929609,-73.9833513,1353.8149999999998
540 Fulton Street,40.688788,-73.98152,597844596,40.6930266,-73.9831149,1363.7839999999999
540 Fulton Street,40.688788,-73.98152,597844756,40.6924916,-73.9905666,1142.235
540 Fulton Street,40.688788,-73.98152,597844772,40.6936062,-73.9835754,1278.8959999999997
540 Fulton Street,40.688788,-73.98152,1258875373,40.6913337,-73.9820768,309.211
540 Fulton Street,40.688788,-73.98152,1258875489,40.6899251,-73.9813796,141.909
540 Fulton Street,40.688788,-73.98152,1258875710,40.6920539,-73.9824379,394.885
540 Fulton Street,40.688788,-73.98152,1258875754,40.688872,-73.9808694,17.048
540 Fulton Street,40.688788,-73.98152,1258945540,40.6932475,-73.9887372,1127.827
540 Fulton Street,40.688788,-73.98152,1258945651,40.693201,-73.9888695,1121.138
540 Fulton Street,40.688788,-73.98152,1693893347,40.6931259,-73.9872481,905.8969999999999
540 Fulton Street,40.688788,-73.98152,2696777590,40.6899461,-73.983563,350.875
540 Fulton Street,40.688788,-73.98152,3026465132,40.6936053,-73.9833753,1295.7669999999998
540 Fulton Street,40.688788,-73.98152,3536386693,40.6932538,-73.9862175,1010.627
540 Fulton Street,40.688788,-73.98152,4526565698,40.693721,-73.9834313,1712.39
540 Fulton Street,40.688788,-73.98152,4735727610,40.6922318,-73.9872962,806.395
540 Fulton Street,40.688788,-73.98152,5009155051,40.694921,-73.9860671,1203.162
540 Fulton Street,40.688788,-73.98152,6933321234,40.6910987,-73.9891992,884.833
540 Fulton Street,40.688788,-73.98152,6993160951,40.6936085,-73.9842856,1219.0189999999998
540 Fulton Street,40.688788,-73.98152,10001058440,40.6949359,-73.988697,1314.668
540 Fulton Street,40.688788,-73.98152,11381945329,40.695257,-73.9886807,1350.399
540 Fulton Street,40.688788,-73.98152,11381945330,40.6961114,-73.9885861,1445.8549999999998
236 Livingston Street,40.6889559,-73.9849672,42464631,40.6920559,-73.9826228,468.27699999999993
236 Livingston Street,40.6889559,-73.9849672,42464823,40.6921704,-73.9891263,573.0880000000001
236 Livingston Street,40.6889559,-73.9849672,42464824,40.6918024,-73.9882134,504.75200000000007
236 Livingston Street,40.6889559,-73.9849672,42464827,40.6914546,-73.9873387,421.47900000000004
236 Livingston Street,40.6889559,-73.9849672,42464832,40.690663,-73.9853532,449.084
236 Livingston Street,40.6889559,-73.9849672,42464834,40.690561,-73.985105,472.886
236 Livingston Street,40.6889559,-73.9849672,42464836,40.690292,-73.984433,536.955
236 Livingston Street,40.6889559,-73.9849672,42464838,40.6901448,-73.9840629,115.49799999999999
236 Livingston Street,40.6889559,-73.9849672,42464844,40.6897015,-73.9829511,221.41
236 Livingston Street,40.6889559,-73.9849672,42464847,40.689358,-73.982098,300.85400000000004
236 Livingston Street,40.6889559,-73.9849672,42464848,40.6889411,-73.9810499,400.648
236 Livingston Street,40.6889559,-73.9849672,42466438,40.6887841,-73.9835721,106.218
236 Livingston Street,40.6889559,-73.9849672,42469226,40.6932563,-73.9881544,667.414
236 Livingston Street,40.6889559,-73.9849672,42469228,40.6922794,-73.9881997,558.721
236 Livingston Street,40.6889559,-73.9849672,42480566,40.693036,-73.984292,856.9670000000001
236 Livingston Street,40.6889559,-73.9849672,42480569,40.6930502,-73.9852301,777.859
236 Livingston Street,40.6889559,-73.9849672,42480571,40.693088,-73.986226,693.787
236 Livingston Street,40.6889559,-73.9849672,42481889,40.6949665,-73.987162,812.3040000000001
236 Livingston Street,40.6889559,-73.9849672,42491554,40.6959659,-73.9845903,1145.8990000000001
236 Livingston Street,40.6889559,-73.9849672,42491582,40.6911662,-73.9821756,574.1479999999999
236 Livingston Street,40.6889559,-73.9849672,42491585,40.6899297,-73.9815542,557.287
236 Livingston Street,40.6889559,-73.9849672,42491589,40.688761,-73.980843,427.207
236 Livingston Street,40.6889559,-73.9849672,42492210,40.6904673,-73.9878775,302.20000000000005
236 Livingston Street,40.6889559,-73.9849672,42492213,40.6898629,-73.9882859,377.71400000000006
236 Livingston Street,40.6889559,-73.9849672,42494919,40.6922042,-73.9862727,475.611
236 Livingston Street,40.6889559,-73.9849672,42494920,40.6921587,-73.9852776,561.651
236 Livingston Street,40.6889559,-73.9849672,42494921,40.6921272,-73.9843423,482.717
236 Livingston Street,40.6889559,-73.9849672,42494924,40.6920899,-73.9833969,402.90099999999995
236 Livingston Street,40.6889559,-73.9849672,42496432,40.691039,-73.9894028,445.89400000000006
236 Livingston Street,40.6889559,-73.9849672,42497737,40.6960551,-73.9871076,933.4390000000001
236 Livingston Street,40.6889559,-73.9849672,42502404,40.689222,-73.9846917,0.0
236 Livingston Street,40.6889559,-73.9849672,42510861,40.6901632,-73.9870995,228.401
236 Livingston Street,40.6889559,-73.9849672,42515825,40.6903899,-73.9898327,526.7270000000001
236 Livingston Street,40.6889559,-73.9849672,42523094,40.6890086,-73.9861587,177.459
236 Livingston Street,40.6889559,-73.9849672,42523684,40.6896291,-73.985733,98.78
236 Livingston Street,40.6889559,-73.9849672,42523688,40.688451,-73.9827164,187.31900000000002
236 Livingston Street,40.6889559,-73.9849672,42523691,40.6879371,-73.9813995,312.196
236 Livingston Street,40.6889559,-73.9849672,42523903,40.6905587,-73.9826854,654.2149999999999
236 Livingston Street,40.6889559,-73.9849672,278630368,40.692096,-73.9889495,556.0400000000001
236 Livingston Street,40.6889559,-73.9849672,278630910,40.6909958,-73.9892384,431.22400000000005
236 Livingston Street,40.6889559,-73.9849672,278631323,40.6903367,-73.9896591,542.5140000000001
236 Livingston Street,40.6889559,-73.9849672,278632281,40.6925287,-73.9888795,604.6120000000001
236 Livingston Street,40.6889559,-73.9849672,278632502,40.6950187,-73.9886923,882.1970000000002
236 Livingston Street,40.6889559,-73.9849672,278632503,40.6961134,-73.988653,1004.0070000000002
236 Livingston Street,40.6889559,-73.9849672,588036470,40.6910889,-73.986427,346.911
236 Livingston Street,40.6889559,-73.9849672,597844593,40.6929609,-73.9833513,1055.4250000000002
236 Livingston Street,40.6889559,-73.9849672,597844596,40.6930266,-73.9831149,1065.394
236 Livingston Street,40.6889559,-73.9849672,597844756,40.6924916,-73.9905666,700.5490000000001
236 Livingston Street,40.6889559,-73.9849672,597844772,40.6936062,-73.9835754,980.5060000000001
236 Livingston Street,40.6889559,-73.9849672,1258875373,40.6913337,-73.9820768,709.859
236 Livingston Street,40.6889559,-73.9849672,1258875489,40.6899251,-73.9813796,542.557
236 Livingston Street,40.6889559,-73.9849672,1258875710,40.6920539,-73.9824379,483.86799999999994
236 Livingston Street,40.6889559,-73.9849672,1258875754,40.688872,-73.9808694,417.696
236 Livingston Street,40.6889559,-73.9849672,1258945540,40.6932475,-73.9887372,686.1410000000001
236 Livingston Street,40.6889559,-73.9849672,1258945651,40.693201,-73.9888695,679.4520000000001
236 Livingston Street,40.6889559,-73.9849672,1693893347,40.6931259,-73.9872481,607.5070000000001
236 Livingston Street,40.6889559,-73.9849672,2696777590,40.6899461,-73.983563,163.087
236 Livingston Street,40.6889559,-73.9849672,3026465132,40.6936053,-73.9833753,997.3770000000001
236 Livingston Street,40.6889559,-73.9849672,3536386693,40.6932538,-73.9862175,712.2370000000001
236 Livingston Street,40.6889559,-73.9849672,4526565698,40.693721,-73.9834313,1414.0000000000002
236 Livingston Street,40.6889559,-73.9849672,4735727610,40.6922318,-73.9872962,508.00500000000005
236 Livingston Street,40.6889559,-73.9849672,5009155051,40.694921,-73.9860671,904.772
236 Livingston Street,40.6889559,-73.9849672,6933321234,40.6910987,-73.9891992,443.14700000000005
236 Livingston Street,40.6889559,-73.9849672,6993160951,40.6936085,-73.9842856,920.6290000000001
236 Livingston Street,40.6889559,-73.9849672,10001058440,40.6949359,-73.988697,872.9820000000002
236 Livingston Street,40.6889559,-73.9849672,11381945329,40.695257,-73.9886807,908.7130000000002
236 Livingston Street,40.6889559,-73.9849672,11381945330,40.6961114,-73.9885861,1004.1690000000002
350 Livingston Street,40.6872205,-73.9806443,42464631,40.6920559,-73.9826228,683.366
350 Livingston Street,40.6872205,-73.9806443,42464823,40.6921704,-73.9891263,885.284
350 Livingston Street,40.6872205,-73.9806443,42464824,40.6918024,-73.9882134,816.948
350 Livingston Street,40.6872205,-73.9806443,42464827,40.6914546,-73.9873387,733.675
350 Livingston Street,40.6872205,-73.9806443,42464832,40.690663,-73.9853532,761.28
350 Livingston Street,40.6872205,-73.9806443,42464834,40.690561,-73.985105,785.082
350 Livingston Street,40.6872205,-73.9806443,42464836,40.690292,-73.984433,849.151
350 Livingston Street,40.6872205,-73.9806443,42464838,40.6901448,-73.9840629,427.694
350 Livingston Street,40.6872205,-73.9806443,42464844,40.6897015,-73.9829511,319.85300000000007
350 Livingston Street,40.6872205,-73.9806443,42464847,40.689358,-73.982098,238.41200000000003
350 Livingston Street,40.6872205,-73.9806443,42464848,40.6889411,-73.9810499,338.206
350 Livingston Street,40.6872205,-73.9806443,42466438,40.6887841,-73.9835721,205.978
350 Livingston Street,40.6872205,-73.9806443,42469226,40.6932563,-73.9881544,979.6099999999999
350 Livingston Street,40.6872205,-73.9806443,42469228,40.6922794,-73.9881997,870.9169999999999
350 Livingston Street,40.6872205,-73.9806443,42480566,40.693036,-73.984292,1169.1629999999998
350 Livingston Street,40.6872205,-73.9806443,42480569,40.6930502,-73.9852301,1090.0549999999998
350 Livingston Street,40.6872205,-73.9806443,42480571,40.693088,-73.986226,1005.9829999999998
350 Livingston Street,40.6872205,-73.9806443,42481889,40.6949665,-73.987162,1124.4999999999998
350 Livingston Street,40.6872205,-73.9806443,42491554,40.6959659,-73.9845903,1458.0949999999998
350 Livingston Street,40.6872205,-73.9806443,42491582,40.6911662,-73.9821756,789.237
350 Livingston Street,40.6872205,-73.9806443,42491585,40.6899297,-73.9815542,494.845
350 Livingston Street,40.6872205,-73.9806443,42491589,40.688761,-73.980843,364.765
350 Livingston Street,40.6872205,-73.9806443,42492210,40.6904673,-73.9878775,614.396
350 Livingston Street,40.6872205,-73.9806443,42492213,40.6898629,-73.9882859,689.91
350 Livingston Street,40.6872205,-73.9806443,42494919,40.6922042,-73.9862727,787.807
350 Livingston Street,40.6872205,-73.9806443,42494920,40.6921587,-73.9852776,776.74
350 Livingston Street,40.6872205,-73.9806443,42494921,40.6921272,-73.9843423,697.806
350 Livingston Street,40.6872205,-73.9806443,42494924,40.6920899,-73.9833969,617.99
350 Livingston Street,40.6872205,-73.9806443,42496432,40.691039,-73.9894028,758.0899999999999
350 Livingston Street,40.6872205,-73.9806443,42497737,40.6960551,-73.9871076,1245.6349999999998
350 Livingston Street,40.6872205,-73.9806443,42502404,40.689222,-73.9846917,312.196
350 Livingston Street,40.6872205,-73.9806443,42510861,40.6901632,-73.9870995,540.597
350 Livingston Street,40.6872205,-73.9806443,42515825,40.6903899,-73.9898327,838.9229999999999
350 Livingston Street,40.6872205,-73.9806443,42523094,40.6890086,-73.9861587,489.655
350 Livingston Street,40.6872205,-73.9806443,42523684,40.6896291,-73.985733,410.976
350 Livingston Street,40.6872205,-73.9806443,42523688,40.688451,-73.9827164,124.87700000000001
350 Livingston Street,40.6872205,-73.9806443,42523691,40.6879371,-73.9813995,0.0
350 Livingston Street,40.6872205,-73.9806443,42523903,40.6905587,-73.9826854,869.304
350 Livingston Street,40.6872205,-73.9806443,278630368,40.692096,-73.9889495,868.236
350 Livingston Street,40.6872205,-73.9806443,278630910,40.6909958,-73.9892384,743.42
350 Livingston Street,40.6872205,-73.9806443,278631323,40.6903367,-73.9896591,854.7099999999999
350 Livingston Street,40.6872205,-73.9806443,278632281,40.6925287,-73.9888795,916.808
350 Livingston Street,40.6872205,-73.9806443,278632502,40.6950187,-73.9886923,1194.393
350 Livingston Street,40.6872205,-73.9806443,278632503,40.6961134,-73.988653,1316.2030000000002
350 Livingston Street,40.6872205,-73.9806443,588036470,40.6910889,-73.986427,659.107
350 Livingston Street,40.6872205,-73.9806443,597844593,40.6929609,-73.9833513,1367.6209999999999
350 Livingston Street,40.6872205,-73.9806443,597844596,40.6930266,-73.9831149,1377.59
350 Livingston Street,40.6872205,-73.9806443,597844756,40.6924916,-73.9905666,1012.745
350 Livingston Street,40.6872205,-73.9806443,597844772,40.6936062,-73.9835754,1292.7019999999998
350 Livingston Street,40.6872205,-73.9806443,1258875373,40.6913337,-73.9820768,647.417
350 Livingston Street,40.6872205,-73.9806443,1258875489,40.6899251,-73.9813796,480.115
350 Livingston Street,40.6872205,-73.9806443,1258875710,40.6920539,-73.9824379,698.957
350 Livingston Street,40.6872205,-73.9806443,1258875754,40.688872,-73.9808694,355.254
350 Livingston Street,40.6872205,-73.9806443,1258945540,40.6932475,-73.9887372,998.337
350 Livingston Street,40.6872205,-73.9806443,1258945651,40.693201,-73.9888695,991.648
350 Livingston Street,40.6872205,-73.9806443,1693893347,40.6931259,-73.9872481,919.7029999999999
350 Livingston Street,40.6872205,-73.9806443,2696777590,40.6899461,-73.983563,378.17600000000004
350 Livingston Street,40.6872205,-73.9806443,3026465132,40.6936053,-73.9833753,1309.5729999999999
350 Livingston Street,40.6872205,-73.9806443,3536386693,40.6932538,-73.9862175,1024.4329999999998
350 Livingston Street,40.6872205,-73.9806443,4526565698,40.693721,-73.9834313,1726.196
350 Livingston Street,40.6872205,-73.9806443,4735727610,40.6922318,-73.9872962,820.2009999999999
350 Livingston Street,40.6872205,-73.9806443,5009155051,40.694921,-73.9860671,1216.9679999999998
350 Livingston Street,40.6872205,-73.9806443,6933321234,40.6910987,-73.9891992,755.343
350 Livingston Street,40.6872205,-73.9806443,6993160951,40.6936085,-73.9842856,1232.8249999999998
350 Livingston Street,40.6872205,-73.9806443,10001058440,40.6949359,-73.988697,1185.178
350 Livingston Street,40.6872205,-73.9806443,11381945329,40.695257,-73.9886807,1220.909
350 Livingston Street,40.6872205,-73.9806443,11381945330,40.6961114,-73.9885861,1316.365
237 Duffield Street,40.6909375,-73.9841338,42464631,40.6920559,-73.9826228,388.015
237 Duffield Street,40.6909375,-73.9841338,42464823,40.6921704,-73.9891263,654.748
237 Duffield Street,40.6909375,-73.9841338,42464824,40.6918024,-73.9882134,586.412
237 Duffield Street,40.6909375,-73.9841338,42464827,40.6914546,-73.9873387,503.139
237 Duffield Street,40.6909375,-73.9841338,42464832,40.690663,-73.9853532,530.744
237 Duffield Street,40.6909375,-73.9841338,42464834,40.690561,-73.985105,64.069
237 Duffield Street,40.6909375,-73.9841338,42464836,40.690292,-73.984433,0.0
237 Duffield Street,40.6909375,-73.9841338,42464838,40.6901448,-73.9840629,35.236
237 Duffield Street,40.6909375,-73.9841338,42464844,40.6897015,-73.9829511,141.148
237 Duffield Street,40.6909375,-73.9841338,42464847,40.689358,-73.982098,222.589
237 Duffield Street,40.6909375,-73.9841338,42464848,40.6889411,-73.9810499,322.383
237 Duffield Street,40.6909375,-73.9841338,42466438,40.6887841,-73.9835721,255.81099999999998
237 Duffield Street,40.6909375,-73.9841338,42469226,40.6932563,-73.9881544,749.0740000000001
237 Duffield Street,40.6909375,-73.9841338,42469228,40.6922794,-73.9881997,640.3810000000001
237 Duffield Street,40.6909375,-73.9841338,42480566,40.693036,-73.984292,938.627
237 Duffield Street,40.6909375,-73.9841338,42480569,40.6930502,-73.9852301,859.5189999999999
237 Duffield Street,40.6909375,-73.9841338,42480571,40.693088,-73.986226,775.4469999999999
237 Duffield Street,40.6909375,-73.9841338,42481889,40.6949665,-73.987162,893.9639999999999
237 Duffield Street,40.6909375,-73.9841338,42491554,40.6959659,-73.9845903,1227.559
237 Duffield Street,40.6909375,-73.9841338,42491582,40.6911662,-73.9821756,493.88599999999997
237 Duffield Street,40.6909375,-73.9841338,42491585,40.6899297,-73.9815542,479.022
237 Duffield Street,40.6909375,-73.9841338,42491589,40.688761,-73.980843,348.942
237 Duffield Street,40.6909375,-73.9841338,42492210,40.6904673,-73.9878775,383.86
237 Duffield Street,40.6909375,-73.9841338,42492213,40.6898629,-73.9882859,459.374
237 Duffield Street,40.6909375,-73.9841338,42494919,40.6922042,-73.9862727,557.271
237 Duffield Street,40.6909375,-73.9841338,42494920,40.6921587,-73.9852776,481.389
237 Duffield Street,40.6909375,-73.9841338,42494921,40.6921272,-73.9843423,402.45500000000004
237 Duffield Street,40.6909375,-73.9841338,42494924,40.6920899,-73.9833969,322.639
237 Duffield Street,40.6909375,-73.9841338,42496432,40.691039,-73.9894028,527.554
237 Duffield Street,40.6909375,-73.9841338,42497737,40.6960551,-73.9871076,1015.0989999999999
237 Duffield Street,40.6909375,-73.9841338,42502404,40.689222,-73.9846917,279.21999999999997
237 Duffield Street,40.6909375,-73.9841338,42510861,40.6901632,-73.9870995,310.06100000000004
237 Duffield Street,40.6909375,-73.9841338,42515825,40.6903899,-73.9898327,608.387
237 Duffield Street,40.6909375,-73.9841338,42523094,40.6890086,-73.9861587,259.119
237 Duffield Street,40.6909375,-73.9841338,42523684,40.6896291,-73.985733,180.44
237 Duffield Street,40.6909375,-73.9841338,42523688,40.688451,-73.9827164,336.912
237 Duffield Street,40.6909375,-73.9841338,42523691,40.6879371,-73.9813995,451.873
237 Duffield Street,40.6909375,-73.9841338,42523903,40.6905587,-73.9826854,573.953
237 Duffield Street,40.6909375,-73.9841338,278630368,40.692096,-73.9889495,637.7
237 Duffield Street,40.6909375,-73.9841338,278630910,40.6909958,-73.9892384,512.884
237 Duffield Street,40.6909375,-73.9841338,278631323,40.6903367,-73.9896591,624.174
237 Duffield Street,40.6909375,-73.9841338,278632281,40.6925287,-73.9888795,686.272
237 Duffield Street,40.6909375,-73.9841338,278632502,40.6950187,-73.9886923,963.8570000000001
237 Duffield Street,40.6909375,-73.9841338,278632503,40.6961134,-73.988653,1085.6670000000001
237 Duffield Street,40.6909375,-73.9841338,588036470,40.6910889,-73.986427,428.571
237 Duffield Street,40.6909375,-73.9841338,597844593,40.6929609,-73.9833513,1137.085
237 Duffield Street,40.6909375,-73.9841338,597844596,40.6930266,-73.9831149,1147.054
237 Duffield Street,40.6909375,-73.9841338,597844756,40.6924916,-73.9905666,782.2090000000001
237 Duffield Street,40.6909375,-73.9841338,597844772,40.6936062,-73.9835754,1062.166
237 Duffield Street,40.6909375,-73.9841338,1258875373,40.6913337,-73.9820768,631.5939999999999
237 Duffield Street,40.6909375,-73.9841338,1258875489,40.6899251,-73.9813796,464.292
237 Duffield Street,40.6909375,-73.9841338,1258875710,40.6920539,-73.9824379,403.606
237 Duffield Street,40.6909375,-73.9841338,1258875754,40.688872,-73.9808694,339.431
237 Duffield Street,40.6909375,-73.9841338,1258945540,40.6932475,-73.9887372,767.801
237 Duffield Street,40.6909375,-73.9841338,1258945651,40.693201,-73.9888695,761.1120000000001
237 Duffield Street,40.6909375,-73.9841338,1693893347,40.6931259,-73.9872481,689.1669999999999
237 Duffield Street,40.6909375,-73.9841338,2696777590,40.6899461,-73.983563,82.82499999999999
237 Duffield Street,40.6909375,-73.9841338,3026465132,40.6936053,-73.9833753,1079.037
237 Duffield Street,40.6909375,-73.9841338,3536386693,40.6932538,-73.9862175,793.8969999999999
237 Duffield Street,40.6909375,-73.9841338,4526565698,40.693721,-73.9834313,1495.66
237 Duffield Street,40.6909375,-73.9841338,4735727610,40.6922318,-73.9872962,589.665
237 Duffield Street,40.6909375,-73.9841338,5009155051,40.694921,-73.9860671,986.4319999999999
237 Duffield Street,40.6909375,-73.9841338,6933321234,40.6910987,-73.9891992,524.807
237 Duffield Street,40.6909375,-73.9841338,6993160951,40.6936085,-73.9842856,1002.289
237 Duffield Street,40.6909375,-73.9841338,10001058440,40.6949359,-73.988697,954.642
237 Duffield Street,40.6909375,-73.9841338,11381945329,40.695257,-73.9886807,990.373
237 Duffield Street,40.6909375,-73.9841338,11381945330,40.6961114,-73.9885861,1085.829
308 Livingston Street,40.6881294,-73.9824686,42464631,40.6920559,-73.9826228,558.489
308 Livingston Street,40.6881294,-73.9824686,42464823,40.6921704,-73.9891263,760.407
308 Livingston Street,40.6881294,-73.9824686,42464824,40.6918024,-73.9882134,692.071
308 Livingston Street,40.6881294,-73.9824686,42464827,40.6914546,-73.9873387,608.798
308 Livingston Street,40.6881294,-73.9824686,42464832,40.690663,-73.9853532,636.403
308 Livingston Street,40.6881294,-73.9824686,42464834,40.690561,-73.985105,660.205
308 Livingston Street,40.6881294,-73.9824686,42464836,40.690292,-73.984433,724.274
308 Livingston Street,40.6881294,-73.9824686,42464838,40.6901448,-73.9840629,302.817
308 Livingston Street,40.6881294,-73.9824686,42464844,40.6897015,-73.9829511,194.976
308 Livingston Street,40.6881294,-73.9824686,42464847,40.689358,-73.982098,113.53500000000001
308 Livingston Street,40.6881294,-73.9824686,42464848,40.6889411,-73.9810499,213.329
308 Livingston Street,40.6881294,-73.9824686,42466438,40.6887841,-73.9835721,81.10100000000001
308 Livingston Street,40.6881294,-73.9824686,42469226,40.6932563,-73.9881544,854.733
308 Livingston Street,40.6881294,-73.9824686,42469228,40.6922794,-73.9881997,746.04
308 Livingston Street,40.6881294,-73.9824686,42480566,40.693036,-73.984292,1044.2859999999998
308 Livingston Street,40.6881294,-73.9824686,42480569,40.6930502,-73.9852301,965.1779999999999
308 Livingston Street,40.6881294,-73.9824686,42480571,40.693088,-73.986226,881.1059999999999
308 Livingston Street,40.6881294,-73.9824686,42481889,40.6949665,-73.987162,999.6229999999999
308 Livingston Street,40.6881294,-73.9824686,42491554,40.6959659,-73.9845903,1333.218
308 Livingston Street,40.6881294,-73.9824686,42491582,40.6911662,-73.9821756,664.36
308 Livingston Street,40.6881294,-73.9824686,42491585,40.6899297,-73.9815542,369.968
308 Livingston Street,40.6881294,-73.9824686,42491589,40.688761,-73.980843,239.888
308 Livingston Street,40.6881294,-73.9824686,42492210,40.6904673,-73.9878775,489.519
308 Livingston Street,40.6881294,-73.9824686,42492213,40.6898629,-73.9882859,565.033
308 Livingston Street,40.6881294,-73.9824686,42494919,40.6922042,-73.9862727,662.9300000000001
308 Livingston Street,40.6881294,-73.9824686,42494920,40.6921587,-73.9852776,651.8629999999999
308 Livingston Street,40.6881294,-73.9824686,42494921,40.6921272,-73.9843423,572.929
308 Livingston Street,40.6881294,-73.9824686,42494924,40.6920899,-73.9833969,493.113
308 Livingston Street,40.6881294,-73.9824686,42496432,40.691039,-73.9894028,633.213
308 Livingston Street,40.6881294,-73.9824686,42497737,40.6960551,-73.9871076,1120.758
308 Livingston Street,40.6881294,-73.9824686,42502404,40.689222,-73.9846917,187.31900000000002
308 Livingston Street,40.6881294,-73.9824686,42510861,40.6901632,-73.9870995,415.72
308 Livingston Street,40.6881294,-73.9824686,42515825,40.6903899,-73.9898327,714.0459999999999
308 Livingston Street,40.6881294,-73.9824686,42523094,40.6890086,-73.9861587,364.778
308 Livingston Street,40.6881294,-73.9824686,42523684,40.6896291,-73.985733,286.09900000000005
308 Livingston Street,40.6881294,-73.9824686,42523688,40.688451,-73.9827164,0.0
308 Livingston Street,40.6881294,-73.9824686,42523691,40.6879371,-73.9813995,124.877
308 Livingston Street,40.6881294,-73.9824686,42523903,40.6905587,-73.9826854,744.427
308 Livingston Street,40.6881294,-73.9824686,278630368,40.692096,-73.9889495,743.359
308 Livingston Street,40.6881294,-73.9824686,278630910,40.6909958,-73.9892384,618.543
308 Livingston Street,40.6881294,-73.9824686,278631323,40.6903367,-73.9896591,729.833
308 Livingston Street,40.6881294,-73.9824686,278632281,40.6925287,-73.9888795,791.931
308 Livingston Street,40.6881294,-73.9824686,278632502,40.6950187,-73.9886923,1069.516
308 Livingston Street,40.6881294,-73.9824686,278632503,40.6961134,-73.988653,1191.3260000000002
308 Livingston Street,40.6881294,-73.9824686,588036470,40.6910889,-73.986427,534.23
308 Livingston Street,40.6881294,-73.9824686,597844593,40.6929609,-73.9833513,1242.744
308 Livingston Street,40.6881294,-73.9824686,597844596,40.6930266,-73.9831149,1252.713
308 Livingston Street,40.6881294,-73.9824686,597844756,40.6924916,-73.9905666,887.868
308 Livingston Street,40.6881294,-73.9824686,597844772,40.6936062,-73.9835754,1167.8249999999998
308 Livingston Street,40.6881294,-73.9824686,1258875373,40.6913337,-73.9820768,522.54
308 Livingston Street,40.6881294,-73.9824686,1258875489,40.6899251,-73.9813796,355.238
308 Livingston Street,40.6881294,-73.9824686,1258875710,40.6920539,-73.9824379,574.08
308 Livingston Street,40.6881294,-73.9824686,1258875754,40.688872,-73.9808694,230.377
308 Livingston Street,40.6881294,-73.9824686,1258945540,40.6932475,-73.9887372,873.46
308 Livingston Street,40.6881294,-73.9824686,1258945651,40.693201,-73.9888695,866.7710000000001
308 Livingston Street,40.6881294,-73.9824686,1693893347,40.6931259,-73.9872481,794.8259999999999
308 Livingston Street,40.6881294,-73.9824686,2696777590,40.6899461,-73.983563,253.299
308 Livingston Street,40.6881294,-73.9824686,3026465132,40.6936053,-73.9833753,1184.696
308 Livingston Street,40.6881294,-73.9824686,3536386693,40.6932538,-73.9862175,899.5559999999999
308 Livingston Street,40.6881294,-73.9824686,4526565698,40.693721,-73.9834313,1601.3190000000002
308 Livingston Street,40.6881294,-73.9824686,4735727610,40.6922318,-73.9872962,695.324
308 Livingston Street,40.6881294,-73.9824686,5009155051,40.694921,-73.9860671,1092.091
308 Livingston Street,40.6881294,-73.9824686,6933321234,40.6910987,-73.9891992,630.466
308 Livingston Street,40.6881294,-73.9824686,6993160951,40.6936085,-73.9842856,1107.9479999999999
308 Livingston Street,40.6881294,-73.9824686,10001058440,40.6949359,-73.988697,1060.3010000000002
308 Livingston Street,40.6881294,-73.9824686,11381945329,40.695257,-73.9886807,1096.0320000000002
308 Livingston Street,40.6881294,-73.9824686,11381945330,40.6961114,-73.9885861,1191.488
1 Boerum Place,40.6915721,-73.9887745,42464631,40.6920559,-73.9826228,748.292
1 Boerum Place,40.6915721,-73.9887745,42464823,40.6921704,-73.9891263,87.173
1 Boerum Place,40.6915721,-73.9887745,42464824,40.6918024,-73.9882134,0.0
1 Boerum Place,40.6915721,-73.9887745,42464827,40.6914546,-73.9873387,83.273
1 Boerum Place,40.6915721,-73.9887745,42464832,40.690663,-73.9853532,272.406
1 Boerum Place,40.6915721,-73.9887745,42464834,40.690561,-73.985105,296.208
1 Boerum Place,40.6915721,-73.9887745,42464836,40.690292,-73.984433,360.27700000000004
1 Boerum Place,40.6915721,-73.9887745,42464838,40.6901448,-73.9840629,395.51300000000003
1 Boerum Place,40.6915721,-73.9887745,42464844,40.6897015,-73.9829511,501.425
1 Boerum Place,40.6915721,-73.9887745,42464847,40.689358,-73.982098,582.866
1 Boerum Place,40.6915721,-73.9887745,42464848,40.6889411,-73.9810499,682.66
1 Boerum Place,40.6915721,-73.9887745,42466438,40.6887841,-73.9835721,610.9699999999999
1 Boerum Place,40.6915721,-73.9887745,42469226,40.6932563,-73.9881544,162.662
1 Boerum Place,40.6915721,-73.9887745,42469228,40.6922794,-73.9881997,53.968999999999994
1 Boerum Place,40.6915721,-73.9887745,42480566,40.693036,-73.984292,479.86600000000004
1 Boerum Place,40.6915721,-73.9887745,42480569,40.6930502,-73.9852301,400.75800000000004
1 Boerum Place,40.6915721,-73.9887745,42480571,40.693088,-73.986226,316.68600000000004
1 Boerum Place,40.6915721,-73.9887745,42481889,40.6949665,-73.987162,435.203
1 Boerum Place,40.6915721,-73.9887745,42491554,40.6959659,-73.9845903,768.798
1 Boerum Place,40.6915721,-73.9887745,42491582,40.6911662,-73.9821756,854.163
1 Boerum Place,40.6915721,-73.9887745,42491585,40.6899297,-73.9815542,839.299
1 Boerum Place,40.6915721,-73.9887745,42491589,40.688761,-73.980843,709.2189999999999
1 Boerum Place,40.6915721,-73.9887745,42492210,40.6904673,-73.9878775,202.552
1 Boerum Place,40.6915721,-73.9887745,42492213,40.6898629,-73.9882859,278.066
1 Boerum Place,40.6915721,-73.9887745,42494919,40.6922042,-73.9862727,298.933
1 Boerum Place,40.6915721,-73.9887745,42494920,40.6921587,-73.9852776,499.96900000000005
1 Boerum Place,40.6915721,-73.9887745,42494921,40.6921272,-73.9843423,581.01
1 Boerum Place,40.6915721,-73.9887745,42494924,40.6920899,-73.9833969,682.916
1 Boerum Place,40.6915721,-73.9887745,42496432,40.691039,-73.9894028,215.19
1 Boerum Place,40.6915721,-73.9887745,42497737,40.6960551,-73.9871076,556.338
1 Boerum Place,40.6915721,-73.9887745,42502404,40.689222,-73.9846917,504.75199999999995
1 Boerum Place,40.6915721,-73.9887745,42510861,40.6901632,-73.9870995,276.351
1 Boerum Place,40.6915721,-73.9887745,42515825,40.6903899,-73.9898327,296.023
1 Boerum Place,40.6915721,-73.9887745,42523094,40.6890086,-73.9861587,481.061
1 Boerum Place,40.6915721,-73.9887745,42523684,40.6896291,-73.985733,405.972
1 Boerum Place,40.6915721,-73.9887745,42523688,40.688451,-73.9827164,692.0709999999999
1 Boerum Place,40.6915721,-73.9887745,42523691,40.6879371,-73.9813995,812.15
1 Boerum Place,40.6915721,-73.9887745,42523903,40.6905587,-73.9826854,934.23
1 Boerum Place,40.6915721,-73.9887745,278630368,40.692096,-73.9889495,70.125
1 Boerum Place,40.6915721,-73.9887745,278630910,40.6909958,-73.9892384,229.85999999999999
1 Boerum Place,40.6915721,-73.9887745,278631323,40.6903367,-73.9896591,311.81
1 Boerum Place,40.6915721,-73.9887745,278632281,40.6925287,-73.9888795,118.697
1 Boerum Place,40.6915721,-73.9887745,278632502,40.6950187,-73.9886923,396.282
1 Boerum Place,40.6915721,-73.9887745,278632503,40.6961134,-73.988653,518.092
1 Boerum Place,40.6915721,-73.9887745,588036470,40.6910889,-73.986427,170.233
1 Boerum Place,40.6915721,-73.9887745,597844593,40.6929609,-73.9833513,678.324
1 Boerum Place,40.6915721,-73.9887745,597844596,40.6930266,-73.9831149,688.2929999999999
1 Boerum Place,40.6915721,-73.9887745,597844756,40.6924916,-73.9905666,214.634
1 Boerum Place,40.6915721,-73.9887745,597844772,40.6936062,-73.9835754,603.405
1 Boerum Place,40.6915721,-73.9887745,1258875373,40.6913337,-73.9820768,991.871
1 Boerum Place,40.6915721,-73.9887745,1258875489,40.6899251,-73.9813796,824.569
1 Boerum Place,40.6915721,-73.9887745,1258875710,40.6920539,-73.9824379,763.883
1 Boerum Place,40.6915721,-73.9887745,1258875754,40.688872,-73.9808694,699.708
1 Boerum Place,40.6915721,-73.9887745,1258945540,40.6932475,-73.9887372,200.226
1 Boerum Place,40.6915721,-73.9887745,1258945651,40.693201,-73.9888695,193.537
1 Boerum Place,40.6915721,-73.9887745,1693893347,40.6931259,-73.9872481,230.406
1 Boerum Place,40.6915721,-73.9887745,2696777590,40.6899461,-73.983563,443.10200000000003
1 Boerum Place,40.6915721,-73.9887745,3026465132,40.6936053,-73.9833753,620.276
1 Boerum Place,40.6915721,-73.9887745,3536386693,40.6932538,-73.9862175,335.136
1 Boerum Place,40.6915721,-73.9887745,4526565698,40.693721,-73.9834313,1036.8990000000001
1 Boerum Place,40.6915721,-73.9887745,4735727610,40.6922318,-73.9872962,130.904
1 Boerum Place,40.6915721,-73.9887745,5009155051,40.694921,-73.9860671,527.6709999999999
1 Boerum Place,40.6915721,-73.9887745,6933321234,40.6910987,-73.9891992,241.783
1 Boerum Place,40.6915721,-73.9887745,6993160951,40.6936085,-73.9842856,543.528
1 Boerum Place,40.6915721,-73.9887745,10001058440,40.6949359,-73.988697,387.067
1 Boerum Place,40.6915721,-73.9887745,11381945329,40.695257,-73.9886807,422.798
1 Boerum Place,40.6915721,-73.9887745,11381945330,40.6961114,-73.9885861,518.254
365 Jay Street,40.6927137,-73.9869389,42464631,40.6920559,-73.9826228,573.5260000000001
365 Jay Street,40.6927137,-73.9869389,42464823,40.6921704,-73.9891263,356.47400000000005
365 Jay Street,40.6927137,-73.9869389,42464824,40.6918024,-73.9882134,269.30100000000004
365 Jay Street,40.6927137,-73.9869389,42464827,40.6914546,-73.9873387,186.02800000000002
365 Jay Street,40.6927137,-73.9869389,42464832,40.690663,-73.9853532,375.16100000000006
365 Jay Street,40.6927137,-73.9869389,42464834,40.690561,-73.985105,398.9630000000001
365 Jay Street,40.6927137,-73.9869389,42464836,40.690292,-73.984433,463.0320000000001
365 Jay Street,40.6927137,-73.9869389,42464838,40.6901448,-73.9840629,498.2680000000001
365 Jay Street,40.6927137,-73.9869389,42464844,40.6897015,-73.9829511,604.1800000000001
365 Jay Street,40.6927137,-73.9869389,42464847,40.689358,-73.982098,685.6210000000001
365 Jay Street,40.6927137,-73.9869389,42464848,40.6889411,-73.9810499,785.4150000000001
365 Jay Street,40.6927137,-73.9869389,42466438,40.6887841,-73.9835721,713.7249999999999
365 Jay Street,40.6927137,-73.9869389,42469226,40.6932563,-73.9881544,431.9630000000001
365 Jay Street,40.6927137,-73.9869389,42469228,40.6922794,-73.9881997,323.27000000000004
365 Jay Street,40.6927137,-73.9869389,42480566,40.693036,-73.984292,249.46000000000004
365 Jay Street,40.6927137,-73.9869389,42480569,40.6930502,-73.9852301,170.352
365 Jay Street,40.6927137,-73.9869389,42480571,40.693088,-73.986226,86.28
365 Jay Street,40.6927137,-73.9869389,42481889,40.6949665,-73.987162,204.797
365 Jay Street,40.6927137,-73.9869389,42491554,40.6959659,-73.9845903,538.392
365 Jay Street,40.6927137,-73.9869389,42491582,40.6911662,-73.9821756,679.397
365 Jay Street,40.6927137,-73.9869389,42491585,40.6899297,-73.9815542,826.5340000000001
365 Jay Street,40.6927137,-73.9869389,42491589,40.688761,-73.980843,811.974
365 Jay Street,40.6927137,-73.9869389,42492210,40.6904673,-73.9878775,305.307
365 Jay Street,40.6927137,-73.9869389,42492213,40.6898629,-73.9882859,380.821
365 Jay Street,40.6927137,-73.9869389,42494919,40.6922042,-73.9862727,353.613
365 Jay Street,40.6927137,-73.9869389,42494920,40.6921587,-73.9852776,269.563
365 Jay Street,40.6927137,-73.9869389,42494921,40.6921272,-73.9843423,350.60400000000004
365 Jay Street,40.6927137,-73.9869389,42494924,40.6920899,-73.9833969,544.845
365 Jay Street,40.6927137,-73.9869389,42496432,40.691039,-73.9894028,449.00100000000003
365 Jay Street,40.6927137,-73.9869389,42497737,40.6960551,-73.9871076,325.932
365 Jay Street,40.6927137,-73.9869389,42502404,40.689222,-73.9846917,607.507
365 Jay Street,40.6927137,-73.9869389,42510861,40.6901632,-73.9870995,379.106
365 Jay Street,40.6927137,-73.9869389,42515825,40.6903899,-73.9898327,529.8340000000001
365 Jay Street,40.6927137,-73.9869389,42523094,40.6890086,-73.9861587,583.816
365 Jay Street,40.6927137,-73.9869389,42523684,40.6896291,-73.985733,508.727
365 Jay Street,40.6927137,-73.9869389,42523688,40.688451,-73.9827164,794.8259999999999
365 Jay Street,40.6927137,-73.9869389,42523691,40.6879371,-73.9813995,914.9050000000001
365 Jay Street,40.6927137,-73.9869389,42523903,40.6905587,-73.9826854,759.464
365 Jay Street,40.6927137,-73.9869389,278630368,40.692096,-73.9889495,339.42600000000004
365 Jay Street,40.6927137,-73.9869389,278630910,40.6909958,-73.9892384,434.331
365 Jay Street,40.6927137,-73.9869389,278631323,40.6903367,-73.9896591,545.6210000000001
365 Jay Street,40.6927137,-73.9869389,278632281,40.6925287,-73.9888795,387.99800000000005
365 Jay Street,40.6927137,-73.9869389,278632502,40.6950187,-73.9886923,665.5830000000002
365 Jay Street,40.6927137,-73.9869389,278632503,40.6961134,-73.988653,787.3930000000001
365 Jay Street,40.6927137,-73.9869389,588036470,40.6910889,-73.986427,272.98800000000006
365 Jay Street,40.6927137,-73.9869389,597844593,40.6929609,-73.9833513,447.918
365 Jay Street,40.6927137,-73.9869389,597844596,40.6930266,-73.9831149,457.887
365 Jay Street,40.6927137,-73.9869389,597844756,40.6924916,-73.9905666,483.93500000000006
365 Jay Street,40.6927137,-73.9869389,597844772,40.6936062,-73.9835754,372.999
365 Jay Street,40.6927137,-73.9869389,1258875373,40.6913337,-73.9820768,1094.626
365 Jay Street,40.6927137,-73.9869389,1258875489,40.6899251,-73.9813796,927.3240000000001
365 Jay Street,40.6927137,-73.9869389,1258875710,40.6920539,-73.9824379,589.1170000000001
365 Jay Street,40.6927137,-73.9869389,1258875754,40.688872,-73.9808694,802.4630000000001
365 Jay Street,40.6927137,-73.9869389,1258945540,40.6932475,-73.9887372,469.52700000000004
365 Jay Street,40.6927137,-73.9869389,1258945651,40.693201,-73.9888695,462.8380000000001
365 Jay Street,40.6927137,-73.9869389,1693893347,40.6931259,-73.9872481,0.0
365 Jay Street,40.6927137,-73.9869389,2696777590,40.6899461,-73.983563,545.8570000000001
365 Jay Street,40.6927137,-73.9869389,3026465132,40.6936053,-73.9833753,389.87
365 Jay Street,40.6927137,-73.9869389,3536386693,40.6932538,-73.9862175,104.73
365 Jay Street,40.6927137,-73.9869389,4526565698,40.693721,-73.9834313,806.4930000000002
365 Jay Street,40.6927137,-73.9869389,4735727610,40.6922318,-73.9872962,99.502
365 Jay Street,40.6927137,-73.9869389,5009155051,40.694921,-73.9860671,297.265
365 Jay Street,40.6927137,-73.9869389,6933321234,40.6910987,-73.9891992,446.254
365 Jay Street,40.6927137,-73.9869389,6993160951,40.6936085,-73.9842856,313.122
365 Jay Street,40.6927137,-73.9869389,10001058440,40.6949359,-73.988697,656.3680000000002
365 Jay Street,40.6927137,-73.9869389,11381945329,40.695257,-73.9886807,692.0990000000002
365 Jay Street,40.6927137,-73.9869389,11381945330,40.6961114,-73.9885861,787.5550000000002
7 Dekalb Avenue,40.6902676,-73.9832108,42464631,40.6920559,-73.9826228,305.19
7 Dekalb Avenue,40.6902676,-73.9832108,42464823,40.6921704,-73.9891263,827.3290000000001
7 Dekalb Avenue,40.6902676,-73.9832108,42464824,40.6918024,-73.9882134,740.1560000000001
7 Dekalb Avenue,40.6902676,-73.9832108,42464827,40.6914546,-73.9873387,656.883
7 Dekalb Avenue,40.6902676,-73.9832108,42464832,40.690663,-73.9853532,565.0
7 Dekalb Avenue,40.6902676,-73.9832108,42464834,40.690561,-73.985105,587.9079999999999
7 Dekalb Avenue,40.6902676,-73.9832108,42464836,40.690292,-73.984433,523.8389999999999
7 Dekalb Avenue,40.6902676,-73.9832108,42464838,40.6901448,-73.9840629,394.702
7 Dekalb Avenue,40.6902676,-73.9832108,42464844,40.6897015,-73.9829511,58.323
7 Dekalb Avenue,40.6902676,-73.9832108,42464847,40.689358,-73.982098,139.764
7 Dekalb Avenue,40.6902676,-73.9832108,42464848,40.6889411,-73.9810499,239.558
7 Dekalb Avenue,40.6902676,-73.9832108,42466438,40.6887841,-73.9835721,172.986
7 Dekalb Avenue,40.6902676,-73.9832108,42469226,40.6932563,-73.9881544,902.818
7 Dekalb Avenue,40.6902676,-73.9832108,42469228,40.6922794,-73.9881997,794.125
7 Dekalb Avenue,40.6902676,-73.9832108,42480566,40.693036,-73.984292,919.319
7 Dekalb Avenue,40.6902676,-73.9832108,42480569,40.6930502,-73.9852301,840.2109999999999
7 Dekalb Avenue,40.6902676,-73.9832108,42480571,40.693088,-73.986226,756.1389999999999
7 Dekalb Avenue,40.6902676,-73.9832108,42481889,40.6949665,-73.987162,874.656
7 Dekalb Avenue,40.6902676,-73.9832108,42491554,40.6959659,-73.9845903,1208.251
7 Dekalb Avenue,40.6902676,-73.9832108,42491582,40.6911662,-73.9821756,411.06100000000004
7 Dekalb Avenue,40.6902676,-73.9832108,42491585,40.6899297,-73.9815542,396.197
7 Dekalb Avenue,40.6902676,-73.9832108,42491589,40.688761,-73.980843,266.11699999999996
7 Dekalb Avenue,40.6902676,-73.9832108,42492210,40.6904673,-73.9878775,581.404
7 Dekalb Avenue,40.6902676,-73.9832108,42492213,40.6898629,-73.9882859,656.918
7 Dekalb Avenue,40.6902676,-73.9832108,42494919,40.6922042,-73.9862727,482.614
7 Dekalb Avenue,40.6902676,-73.9832108,42494920,40.6921587,-73.9852776,398.56399999999996
7 Dekalb Avenue,40.6902676,-73.9832108,42494921,40.6921272,-73.9843423,319.63
7 Dekalb Avenue,40.6902676,-73.9832108,42494924,40.6920899,-73.9833969,239.814
7 Dekalb Avenue,40.6902676,-73.9832108,42496432,40.691039,-73.9894028,725.098
7 Dekalb Avenue,40.6902676,-73.9832108,42497737,40.6960551,-73.9871076,995.7909999999999
7 Dekalb Avenue,40.6902676,-73.9832108,42502404,40.689222,-73.9846917,279.204
7 Dekalb Avenue,40.6902676,-73.9832108,42510861,40.6901632,-73.9870995,507.605
7 Dekalb Avenue,40.6902676,-73.9832108,42515825,40.6903899,-73.9898327,805.9309999999999
7 Dekalb Avenue,40.6902676,-73.9832108,42523094,40.6890086,-73.9861587,456.663
7 Dekalb Avenue,40.6902676,-73.9832108,42523684,40.6896291,-73.985733,377.98400000000004
7 Dekalb Avenue,40.6902676,-73.9832108,42523688,40.688451,-73.9827164,254.087
7 Dekalb Avenue,40.6902676,-73.9832108,42523691,40.6879371,-73.9813995,369.04799999999994
7 Dekalb Avenue,40.6902676,-73.9832108,42523903,40.6905587,-73.9826854,491.12800000000004
7 Dekalb Avenue,40.6902676,-73.9832108,278630368,40.692096,-73.9889495,810.2810000000001
7 Dekalb Avenue,40.6902676,-73.9832108,278630910,40.6909958,-73.9892384,710.428
7 Dekalb Avenue,40.6902676,-73.9832108,278631323,40.6903367,-73.9896591,821.718
7 Dekalb Avenue,40.6902676,-73.9832108,278632281,40.6925287,-73.9888795,858.8530000000001
7 Dekalb Avenue,40.6902676,-73.9832108,278632502,40.6950187,-73.9886923,1136.438
7 Dekalb Avenue,40.6902676,-73.9832108,278632503,40.6961134,-73.988653,1258.2480000000003
7 Dekalb Avenue,40.6902676,-73.9832108,588036470,40.6910889,-73.986427,626.115
7 Dekalb Avenue,40.6902676,-73.9832108,597844593,40.6929609,-73.9833513,1117.777
7 Dekalb Avenue,40.6902676,-73.9832108,597844596,40.6930266,-73.9831149,1127.746
7 Dekalb Avenue,40.6902676,-73.9832108,597844756,40.6924916,-73.9905666,954.7900000000001
7 Dekalb Avenue,40.6902676,-73.9832108,597844772,40.6936062,-73.9835754,1042.858
7 Dekalb Avenue,40.6902676,-73.9832108,1258875373,40.6913337,-73.9820768,548.769
7 Dekalb Avenue,40.6902676,-73.9832108,1258875489,40.6899251,-73.9813796,381.467
7 Dekalb Avenue,40.6902676,-73.9832108,1258875710,40.6920539,-73.9824379,320.781
7 Dekalb Avenue,40.6902676,-73.9832108,1258875754,40.688872,-73.9808694,256.606
7 Dekalb Avenue,40.6902676,-73.9832108,1258945540,40.6932475,-73.9887372,940.3820000000001
7 Dekalb Avenue,40.6902676,-73.9832108,1258945651,40.693201,-73.9888695,933.6930000000001
7 Dekalb Avenue,40.6902676,-73.9832108,1693893347,40.6931259,-73.9872481,669.8589999999999
7 Dekalb Avenue,40.6902676,-73.9832108,2696777590,40.6899461,-73.983563,0.0
7 Dekalb Avenue,40.6902676,-73.9832108,3026465132,40.6936053,-73.9833753,1059.729
7 Dekalb Avenue,40.6902676,-73.9832108,3536386693,40.6932538,-73.9862175,774.5889999999999
7 Dekalb Avenue,40.6902676,-73.9832108,4526565698,40.693721,-73.9834313,1476.352
7 Dekalb Avenue,40.6902676,-73.9832108,4735727610,40.6922318,-73.9872962,570.357
7 Dekalb Avenue,40.6902676,-73.9832108,5009155051,40.694921,-73.9860671,967.1239999999999
7 Dekalb Avenue,40.6902676,-73.9832108,6933321234,40.6910987,-73.9891992,722.351
7 Dekalb Avenue,40.6902676,-73.9832108,6993160951,40.6936085,-73.9842856,982.981
7 Dekalb Avenue,40.6902676,-73.9832108,10001058440,40.6949359,-73.988697,1127.2230000000002
7 Dekalb Avenue,40.6902676,-73.9832108,11381945329,40.695257,-73.9886807,1162.9540000000002
7 Dekalb Avenue,40.6902676,-73.9832108,11381945330,40.6961114,-73.9885861,1258.41
100 Willoughby Street,40.6917885,-73.9849053,42464631,40.6920559,-73.9826228,642.322
100 Willoughby Street,40.6917885,-73.9849053,42464823,40.6921704,-73.9891263,428.765
100 Willoughby Street,40.6917885,-73.9849053,42464824,40.6918024,-73.9882134,341.592
100 Willoughby Street,40.6917885,-73.9849053,42464827,40.6914546,-73.9873387,258.319
100 Willoughby Street,40.6917885,-73.9849053,42464832,40.690663,-73.9853532,166.436
100 Willoughby Street,40.6917885,-73.9849053,42464834,40.690561,-73.985105,190.238
100 Willoughby Street,40.6917885,-73.9849053,42464836,40.690292,-73.984433,254.30700000000002
100 Willoughby Street,40.6917885,-73.9849053,42464838,40.6901448,-73.9840629,289.543
100 Willoughby Street,40.6917885,-73.9849053,42464844,40.6897015,-73.9829511,395.455
100 Willoughby Street,40.6917885,-73.9849053,42464847,40.689358,-73.982098,476.89599999999996
100 Willoughby Street,40.6917885,-73.9849053,42464848,40.6889411,-73.9810499,576.6899999999999
100 Willoughby Street,40.6917885,-73.9849053,42466438,40.6887841,-73.9835721,510.118
100 Willoughby Street,40.6917885,-73.9849053,42469226,40.6932563,-73.9881544,504.254
100 Willoughby Street,40.6917885,-73.9849053,42469228,40.6922794,-73.9881997,395.561
100 Willoughby Street,40.6917885,-73.9849053,42480566,40.693036,-73.984292,520.7550000000001
100 Willoughby Street,40.6917885,-73.9849053,42480569,40.6930502,-73.9852301,441.64700000000005
100 Willoughby Street,40.6917885,-73.9849053,42480571,40.693088,-73.986226,357.57500000000005
100 Willoughby Street,40.6917885,-73.9849053,42481889,40.6949665,-73.987162,476.092
100 Willoughby Street,40.6917885,-73.9849053,42491554,40.6959659,-73.9845903,809.6869999999999
100 Willoughby Street,40.6917885,-73.9849053,42491582,40.6911662,-73.9821756,748.193
100 Willoughby Street,40.6917885,-73.9849053,42491585,40.6899297,-73.9815542,733.329
100 Willoughby Street,40.6917885,-73.9849053,42491589,40.688761,-73.980843,603.2489999999999
100 Willoughby Street,40.6917885,-73.9849053,42492210,40.6904673,-73.9878775,377.598
100 Willoughby Street,40.6917885,-73.9849053,42492213,40.6898629,-73.9882859,453.112
100 Willoughby Street,40.6917885,-73.9849053,42494919,40.6922042,-73.9862727,84.05000000000001
100 Willoughby Street,40.6917885,-73.9849053,42494920,40.6921587,-73.9852776,0.0
100 Willoughby Street,40.6917885,-73.9849053,42494921,40.6921272,-73.9843423,621.8990000000001
100 Willoughby Street,40.6917885,-73.9849053,42494924,40.6920899,-73.9833969,576.946
100 Willoughby Street,40.6917885,-73.9849053,42496432,40.691039,-73.9894028,521.292
100 Willoughby Street,40.6917885,-73.9849053,42497737,40.6960551,-73.9871076,597.227
100 Willoughby Street,40.6917885,-73.9849053,42502404,40.689222,-73.9846917,405.389
100 Willoughby Street,40.6917885,-73.9849053,42510861,40.6901632,-73.9870995,436.23
100 Willoughby Street,40.6917885,-73.9849053,42515825,40.6903899,-73.9898327,602.125
100 Willoughby Street,40.6917885,-73.9849053,42523094,40.6890086,-73.9861587,385.288
100 Willoughby Street,40.6917885,-73.9849053,42523684,40.6896291,-73.985733,306.60900000000004
100 Willoughby Street,40.6917885,-73.9849053,42523688,40.688451,-73.9827164,591.219
100 Willoughby Street,40.6917885,-73.9849053,42523691,40.6879371,-73.9813995,706.18
100 Willoughby Street,40.6917885,-73.9849053,42523903,40.6905587,-73.9826854,828.26
100 Willoughby Street,40.6917885,-73.9849053,278630368,40.692096,-73.9889495,411.717
100 Willoughby Street,40.6917885,-73.9849053,278630910,40.6909958,-73.9892384,506.622
100 Willoughby Street,40.6917885,-73.9849053,278631323,40.6903367,-73.9896591,617.912
100 Willoughby Street,40.6917885,-73.9849053,278632281,40.6925287,-73.9888795,460.289
100 Willoughby Street,40.6917885,-73.9849053,278632502,40.6950187,-73.9886923,737.8740000000001
100 Willoughby Street,40.6917885,-73.9849053,278632503,40.6961134,-73.988653,859.6840000000001
100 Willoughby Street,40.6917885,-73.9849053,588036470,40.6910889,-73.986427,268.60900000000004
100 Willoughby Street,40.6917885,-73.9849053,597844593,40.6929609,-73.9833513,719.2130000000001
100 Willoughby Street,40.6917885,-73.9849053,597844596,40.6930266,-73.9831149,729.182
100 Willoughby Street,40.6917885,-73.9849053,597844756,40.6924916,-73.9905666,556.226
100 Willoughby Street,40.6917885,-73.9849053,597844772,40.6936062,-73.9835754,644.2940000000001
100 Willoughby Street,40.6917885,-73.9849053,1258875373,40.6913337,-73.9820768,885.901
100 Willoughby Street,40.6917885,-73.9849053,1258875489,40.6899251,-73.9813796,718.5989999999999
100 Willoughby Street,40.6917885,-73.9849053,1258875710,40.6920539,-73.9824379,657.913
100 Willoughby Street,40.6917885,-73.9849053,1258875754,40.688872,-73.9808694,593.7379999999999
100 Willoughby Street,40.6917885,-73.9849053,1258945540,40.6932475,-73.9887372,541.818
100 Willoughby Street,40.6917885,-73.9849053,1258945651,40.693201,-73.9888695,535.129
100 Willoughby Street,40.6917885,-73.9849053,1693893347,40.6931259,-73.9872481,271.295
100 Willoughby Street,40.6917885,-73.9849053,2696777590,40.6899461,-73.983563,337.132
100 Willoughby Street,40.6917885,-73.9849053,3026465132,40.6936053,-73.9833753,661.1650000000001
100 Willoughby Street,40.6917885,-73.9849053,3536386693,40.6932538,-73.9862175,376.02500000000003
100 Willoughby Street,40.6917885,-73.9849053,4526565698,40.693721,-73.9834313,1077.788
100 Willoughby Street,40.6917885,-73.9849053,4735727610,40.6922318,-73.9872962,171.793
100 Willoughby Street,40.6917885,-73.9849053,5009155051,40.694921,-73.9860671,568.56
100 Willoughby Street,40.6917885,-73.9849053,6933321234,40.6910987,-73.9891992,518.545
100 Willoughby Street,40.6917885,-73.9849053,6993160951,40.6936085,-73.9842856,584.4170000000001
100 Willoughby Street,40.6917885,-73.9849053,10001058440,40.6949359,-73.988697,728.6590000000001
100 Willoughby Street,40.6917885,-73.9849053,11381945329,40.695257,-73.9886807,764.3900000000001
100 Willoughby Street,40.6917885,-73.9849053,11381945330,40.6961114,-73.9885861,859.8460000000001
430 Albee Square,40.690792,-73.9837804,42464631,40.6920559,-73.9826228,352.779
430 Albee Square,40.690792,-73.9837804,42464823,40.6921704,-73.9891263,874.918
430 Albee Square,40.690792,-73.9837804,42464824,40.6918024,-73.9882134,787.745
430 Albee Square,40.690792,-73.9837804,42464827,40.6914546,-73.9873387,704.472
430 Albee Square,40.690792,-73.9837804,42464832,40.690663,-73.9853532,612.589
430 Albee Square,40.690792,-73.9837804,42464834,40.690561,-73.985105,635.497
430 Albee Square,40.690792,-73.9837804,42464836,40.690292,-73.984433,571.428
430 Albee Square,40.690792,-73.9837804,42464838,40.6901448,-73.9840629,0.0
430 Albee Square,40.690792,-73.9837804,42464844,40.6897015,-73.9829511,105.912
430 Albee Square,40.690792,-73.9837804,42464847,40.689358,-73.982098,187.353
430 Albee Square,40.690792,-73.9837804,42464848,40.6889411,-73.9810499,287.147
430 Albee Square,40.690792,-73.9837804,42466438,40.6887841,-73.9835721,220.575
430 Albee Square,40.690792,-73.9837804,42469226,40.6932563,-73.9881544,950.4069999999999
430 Albee Square,40.690792,-73.9837804,42469228,40.6922794,-73.9881997,841.7139999999999
430 Albee Square,40.690792,-73.9837804,42480566,40.693036,-73.984292,966.9079999999999
430 Albee Square,40.690792,-73.9837804,42480569,40.6930502,-73.9852301,887.7999999999998
430 Albee Square,40.690792,-73.9837804,42480571,40.693088,-73.986226,803.7279999999998
430 Albee Square,40.690792,-73.9837804,42481889,40.6949665,-73.987162,922.2449999999999
430 Albee Square,40.690792,-73.9837804,42491554,40.6959659,-73.9845903,1255.84
430 Albee Square,40.690792,-73.9837804,42491582,40.6911662,-73.9821756,458.65
430 Albee Square,40.690792,-73.9837804,42491585,40.6899297,-73.9815542,443.786
430 Albee Square,40.690792,-73.9837804,42491589,40.688761,-73.980843,313.706
430 Albee Square,40.690792,-73.9837804,42492210,40.6904673,-73.9878775,628.9929999999999
430 Albee Square,40.690792,-73.9837804,42492213,40.6898629,-73.9882859,704.507
430 Albee Square,40.690792,-73.9837804,42494919,40.6922042,-73.9862727,530.203
430 Albee Square,40.690792,-73.9837804,42494920,40.6921587,-73.9852776,446.153
430 Albee Square,40.690792,-73.9837804,42494921,40.6921272,-73.9843423,367.21900000000005
430 Albee Square,40.690792,-73.9837804,42494924,40.6920899,-73.9833969,287.403
430 Albee Square,40.690792,-73.9837804,42496432,40.691039,-73.9894028,772.6869999999999
430 Albee Square,40.690792,-73.9837804,42497737,40.6960551,-73.9871076,1043.3799999999999
430 Albee Square,40.690792,-73.9837804,42502404,40.689222,-73.9846917,326.793
430 Albee Square,40.690792,-73.9837804,42510861,40.6901632,-73.9870995,555.194
430 Albee Square,40.690792,-73.9837804,42515825,40.6903899,-73.9898327,853.5199999999999
430 Albee Square,40.690792,-73.9837804,42523094,40.6890086,-73.9861587,504.25199999999995
430 Albee Square,40.690792,-73.9837804,42523684,40.6896291,-73.985733,425.573
430 Albee Square,40.690792,-73.9837804,42523688,40.688451,-73.9827164,301.676
430 Albee Square,40.690792,-73.9837804,42523691,40.6879371,-73.9813995,416.637
430 Albee Square,40.690792,-73.9837804,42523903,40.6905587,-73.9826854,538.717
430 Albee Square,40.690792,-73.9837804,278630368,40.692096,-73.9889495,857.87
430 Albee Square,40.690792,-73.9837804,278630910,40.6909958,-73.9892384,758.0169999999999
430 Albee Square,40.690792,-73.9837804,278631323,40.6903367,-73.9896591,869.3069999999999
430 Albee Square,40.690792,-73.9837804,278632281,40.6925287,-73.9888795,906.442
430 Albee Square,40.690792,-73.9837804,278632502,40.6950187,-73.9886923,1184.027
430 Albee Square,40.690792,-73.9837804,278632503,40.6961134,-73.988653,1305.8370000000002
430 Albee Square,40.690792,-73.9837804,588036470,40.6910889,-73.986427,673.704
430 Albee Square,40.690792,-73.9837804,597844593,40.6929609,-73.9833513,1165.366
430 Albee Square,40.690792,-73.9837804,597844596,40.6930266,-73.9831149,1175.335
430 Albee Square,40.690792,-73.9837804,597844756,40.6924916,-73.9905666,1002.379
430 Albee Square,40.690792,-73.9837804,597844772,40.6936062,-73.9835754,1090.447
430 Albee Square,40.690792,-73.9837804,1258875373,40.6913337,-73.9820768,596.358
430 Albee Square,40.690792,-73.9837804,1258875489,40.6899251,-73.9813796,429.056
430 Albee Square,40.690792,-73.9837804,1258875710,40.6920539,-73.9824379,368.37
430 Albee Square,40.690792,-73.9837804,1258875754,40.688872,-73.9808694,304.195
430 Albee Square,40.690792,-73.9837804,1258945540,40.6932475,-73.9887372,987.971
430 Albee Square,40.690792,-73.9837804,1258945651,40.693201,-73.9888695,981.282
430 Albee Square,40.690792,-73.9837804,1693893347,40.6931259,-73.9872481,717.4479999999999
430 Albee Square,40.690792,-73.9837804,2696777590,40.6899461,-73.983563,47.589
430 Albee Square,40.690792,-73.9837804,3026465132,40.6936053,-73.9833753,1107.318
430 Albee Square,40.690792,-73.9837804,3536386693,40.6932538,-73.9862175,822.1779999999999
430 Albee Square,40.690792,-73.9837804,4526565698,40.693721,-73.9834313,1523.941
430 Albee Square,40.690792,-73.9837804,4735727610,40.6922318,-73.9872962,617.9459999999999
430 Albee Square,40.690792,-73.9837804,5009155051,40.694921,-73.9860671,1014.7129999999999
430 Albee Square,40.690792,-73.9837804,6933321234,40.6910987,-73.9891992,769.9399999999999
430 Albee Square,40.690792,-73.9837804,6993160951,40.6936085,-73.9842856,1030.57
430 Albee Square,40.690792,-73.9837804,10001058440,40.6949359,-73.988697,1174.8120000000001
430 Albee Square,40.690792,-73.9837804,11381945329,40.695257,-73.9886807,1210.5430000000001
430 Albee Square,40.690792,-73.9837804,11381945330,40.6961114,-73.9885861,1305.999
111 Lawrence Street,40.692741,-73.9859544,42464631,40.6920559,-73.9826228,487.246
111 Lawrence Street,40.692741,-73.9859544,42464823,40.6921704,-73.9891263,442.754
111 Lawrence Street,40.692741,-73.9859544,42464824,40.6918024,-73.9882134,355.581
111 Lawrence Street,40.692741,-73.9859544,42464827,40.6914546,-73.9873387,272.308
111 Lawrence Street,40.692741,-73.9859544,42464832,40.690663,-73.9853532,349.71900000000005
111 Lawrence Street,40.692741,-73.9859544,42464834,40.690561,-73.985105,373.5210000000001
111 Lawrence Street,40.692741,-73.9859544,42464836,40.690292,-73.984433,437.5900000000001
111 Lawrence Street,40.692741,-73.9859544,42464838,40.6901448,-73.9840629,472.8260000000001
111 Lawrence Street,40.692741,-73.9859544,42464844,40.6897015,-73.9829511,578.738
111 Lawrence Street,40.692741,-73.9859544,42464847,40.689358,-73.982098,660.1790000000001
111 Lawrence Street,40.692741,-73.9859544,42464848,40.6889411,-73.9810499,759.9730000000001
111 Lawrence Street,40.692741,-73.9859544,42466438,40.6887841,-73.9835721,693.4010000000001
111 Lawrence Street,40.692741,-73.9859544,42469226,40.6932563,-73.9881544,518.243
111 Lawrence Street,40.692741,-73.9859544,42469228,40.6922794,-73.9881997,409.55
111 Lawrence Street,40.692741,-73.9859544,42480566,40.693036,-73.984292,163.18
111 Lawrence Street,40.692741,-73.9859544,42480569,40.6930502,-73.9852301,84.072
111 Lawrence Street,40.692741,-73.9859544,42480571,40.693088,-73.986226,0.0
111 Lawrence Street,40.692741,-73.9859544,42481889,40.6949665,-73.987162,291.077
111 Lawrence Street,40.692741,-73.9859544,42491554,40.6959659,-73.9845903,624.672
111 Lawrence Street,40.692741,-73.9859544,42491582,40.6911662,-73.9821756,593.117
111 Lawrence Street,40.692741,-73.9859544,42491585,40.6899297,-73.9815542,740.2539999999999
111 Lawrence Street,40.692741,-73.9859544,42491589,40.688761,-73.980843,786.532
111 Lawrence Street,40.692741,-73.9859544,42492210,40.6904673,-73.9878775,391.587
111 Lawrence Street,40.692741,-73.9859544,42492213,40.6898629,-73.9882859,467.101
111 Lawrence Street,40.692741,-73.9859544,42494919,40.6922042,-73.9862727,267.333
111 Lawrence Street,40.692741,-73.9859544,42494920,40.6921587,-73.9852776,183.28300000000002
111 Lawrence Street,40.692741,-73.9859544,42494921,40.6921272,-73.9843423,264.324
111 Lawrence Street,40.692741,-73.9859544,42494924,40.6920899,-73.9833969,458.56499999999994
111 Lawrence Street,40.692741,-73.9859544,42496432,40.691039,-73.9894028,535.281
111 Lawrence Street,40.692741,-73.9859544,42497737,40.6960551,-73.9871076,412.212
111 Lawrence Street,40.692741,-73.9859544,42502404,40.689222,-73.9846917,588.672
111 Lawrence Street,40.692741,-73.9859544,42510861,40.6901632,-73.9870995,465.38599999999997
111 Lawrence Street,40.692741,-73.9859544,42515825,40.6903899,-73.9898327,616.1139999999999
111 Lawrence Street,40.692741,-73.9859544,42523094,40.6890086,-73.9861587,568.571
111 Lawrence Street,40.692741,-73.9859544,42523684,40.6896291,-73.985733,489.89200000000005
111 Lawrence Street,40.692741,-73.9859544,42523688,40.688451,-73.9827164,774.5020000000001
111 Lawrence Street,40.692741,-73.9859544,42523691,40.6879371,-73.9813995,889.4630000000001
111 Lawrence Street,40.692741,-73.9859544,42523903,40.6905587,-73.9826854,673.184
111 Lawrence Street,40.692741,-73.9859544,278630368,40.692096,-73.9889495,425.706
111 Lawrence Street,40.692741,-73.9859544,278630910,40.6909958,-73.9892384,520.611
111 Lawrence Street,40.692741,-73.9859544,278631323,40.6903367,-73.9896591,631.901
111 Lawrence Street,40.692741,-73.9859544,278632281,40.6925287,-73.9888795,474.278
111 Lawrence Street,40.692741,-73.9859544,278632502,40.6950187,-73.9886923,751.8630000000002
111 Lawrence Street,40.692741,-73.9859544,278632503,40.6961134,-73.988653,873.6730000000001
111 Lawrence Street,40.692741,-73.9859544,588036470,40.6910889,-73.986427,359.26800000000003
111 Lawrence Street,40.692741,-73.9859544,597844593,40.6929609,-73.9833513,361.638
111 Lawrence Street,40.692741,-73.9859544,597844596,40.6930266,-73.9831149,371.60699999999997
111 Lawrence Street,40.692741,-73.9859544,597844756,40.6924916,-73.9905666,570.215
111 Lawrence Street,40.692741,-73.9859544,597844772,40.6936062,-73.9835754,286.719
111 Lawrence Street,40.692741,-73.9859544,1258875373,40.6913337,-73.9820768,1069.184
111 Lawrence Street,40.692741,-73.9859544,1258875489,40.6899251,-73.9813796,901.8820000000001
111 Lawrence Street,40.692741,-73.9859544,1258875710,40.6920539,-73.9824379,502.837
111 Lawrence Street,40.692741,-73.9859544,1258875754,40.688872,-73.9808694,777.0210000000001
111 Lawrence Street,40.692741,-73.9859544,1258945540,40.6932475,-73.9887372,555.807
111 Lawrence Street,40.692741,-73.9859544,1258945651,40.693201,-73.9888695,549.118
111 Lawrence Street,40.692741,-73.9859544,1693893347,40.6931259,-73.9872481,86.28
111 Lawrence Street,40.692741,-73.9859544,2696777590,40.6899461,-73.983563,520.4150000000001
111 Lawrence Street,40.692741,-73.9859544,3026465132,40.6936053,-73.9833753,303.59
111 Lawrence Street,40.692741,-73.9859544,3536386693,40.6932538,-73.9862175,18.45
111 Lawrence Street,40.692741,-73.9859544,4526565698,40.693721,-73.9834313,892.7730000000001
111 Lawrence Street,40.692741,-73.9859544,4735727610,40.6922318,-73.9872962,185.78199999999998
111 Lawrence Street,40.692741,-73.9859544,5009155051,40.694921,-73.9860671,383.545
111 Lawrence Street,40.692741,-73.9859544,6933321234,40.6910987,-73.9891992,532.534
111 Lawrence Street,40.692741,-73.9859544,6993160951,40.6936085,-73.9842856,226.84199999999998
111 Lawrence Street,40.692741,-73.9859544,10001058440,40.6949359,-73.988697,742.6480000000001
111 Lawrence Street,40.692741,-73.9859544,11381945329,40.695257,-73.9886807,778.3790000000001
111 Lawrence Street,40.692741,-73.9859544,11381945330,40.6961114,-73.9885861,873.8350000000002
415 Red Hook Lane,40.6910753,-73.988789,42464631,40.6920559,-73.9826228,866.045
415 Red Hook Lane,40.6910753,-73.988789,42464823,40.6921704,-73.9891263,129.941
415 Red Hook Lane,40.6910753,-73.988789,42464824,40.6918024,-73.9882134,117.75300000000001
415 Red Hook Lane,40.6910753,-73.988789,42464827,40.6914546,-73.9873387,201.026
415 Red Hook Lane,40.6910753,-73.988789,42464832,40.690663,-73.9853532,390.159
415 Red Hook Lane,40.6910753,-73.988789,42464834,40.690561,-73.985105,413.961
415 Red Hook Lane,40.6910753,-73.988789,42464836,40.690292,-73.984433,478.03000000000003
415 Red Hook Lane,40.6910753,-73.988789,42464838,40.6901448,-73.9840629,513.2660000000001
415 Red Hook Lane,40.6910753,-73.988789,42464844,40.6897015,-73.9829511,619.178
415 Red Hook Lane,40.6910753,-73.988789,42464847,40.689358,-73.982098,700.619
415 Red Hook Lane,40.6910753,-73.988789,42464848,40.6889411,-73.9810499,800.413
415 Red Hook Lane,40.6910753,-73.988789,42466438,40.6887841,-73.9835721,728.723
415 Red Hook Lane,40.6910753,-73.988789,42469226,40.6932563,-73.9881544,280.415
415 Red Hook Lane,40.6910753,-73.988789,42469228,40.6922794,-73.9881997,171.722
415 Red Hook Lane,40.6910753,-73.988789,42480566,40.693036,-73.984292,597.619
415 Red Hook Lane,40.6910753,-73.988789,42480569,40.6930502,-73.9852301,518.511
415 Red Hook Lane,40.6910753,-73.988789,42480571,40.693088,-73.986226,434.43899999999996
415 Red Hook Lane,40.6910753,-73.988789,42481889,40.6949665,-73.987162,552.956
415 Red Hook Lane,40.6910753,-73.988789,42491554,40.6959659,-73.9845903,886.5509999999999
415 Red Hook Lane,40.6910753,-73.988789,42491582,40.6911662,-73.9821756,971.9159999999999
415 Red Hook Lane,40.6910753,-73.988789,42491585,40.6899297,-73.9815542,957.052
415 Red Hook Lane,40.6910753,-73.988789,42491589,40.688761,-73.980843,826.972
415 Red Hook Lane,40.6910753,-73.988789,42492210,40.6904673,-73.9878775,320.305
415 Red Hook Lane,40.6910753,-73.988789,42492213,40.6898629,-73.9882859,395.819
415 Red Hook Lane,40.6910753,-73.988789,42494919,40.6922042,-73.9862727,416.686
415 Red Hook Lane,40.6910753,-73.988789,42494920,40.6921587,-73.9852776,617.722
415 Red Hook Lane,40.6910753,-73.988789,42494921,40.6921272,-73.9843423,698.763
415 Red Hook Lane,40.6910753,-73.988789,42494924,40.6920899,-73.9833969,800.669
415 Red Hook Lane,40.6910753,-73.988789,42496432,40.691039,-73.9894028,257.95799999999997
415 Red Hook Lane,40.6910753,-73.988789,42497737,40.6960551,-73.9871076,674.091
415 Red Hook Lane,40.6910753,-73.988789,42502404,40.689222,-73.9846917,622.505
415 Red Hook Lane,40.6910753,-73.988789,42510861,40.6901632,-73.9870995,394.10400000000004
415 Red Hook Lane,40.6910753,-73.988789,42515825,40.6903899,-73.9898327,338.791
415 Red Hook Lane,40.6910753,-73.988789,42523094,40.6890086,-73.9861587,598.8140000000001
415 Red Hook Lane,40.6910753,-73.988789,42523684,40.6896291,-73.985733,523.725
415 Red Hook Lane,40.6910753,-73.988789,42523688,40.688451,-73.9827164,809.824
415 Red Hook Lane,40.6910753,-73.988789,42523691,40.6879371,-73.9813995,929.903
415 Red Hook Lane,40.6910753,-73.988789,42523903,40.6905587,-73.9826854,1051.983
415 Red Hook Lane,40.6910753,-73.988789,278630368,40.692096,-73.9889495,112.893
415 Red Hook Lane,40.6910753,-73.988789,278630910,40.6909958,-73.9892384,272.628
415 Red Hook Lane,40.6910753,-73.988789,278631323,40.6903367,-73.9896591,354.578
415 Red Hook Lane,40.6910753,-73.988789,278632281,40.6925287,-73.9888795,161.465
415 Red Hook Lane,40.6910753,-73.988789,278632502,40.6950187,-73.9886923,439.05
415 Red Hook Lane,40.6910753,-73.988789,278632503,40.6961134,-73.988653,560.86
415 Red Hook Lane,40.6910753,-73.988789,588036470,40.6910889,-73.986427,287.986
415 Red Hook Lane,40.6910753,-73.988789,597844593,40.6929609,-73.9833513,796.077
415 Red Hook Lane,40.6910753,-73.988789,597844596,40.6930266,-73.9831149,806.046
415 Red Hook Lane,40.6910753,-73.988789,597844756,40.6924916,-73.9905666,257.402
415 Red Hook Lane,40.6910753,-73.988789,597844772,40.6936062,-73.9835754,721.158
415 Red Hook Lane,40.6910753,-73.988789,1258875373,40.6913337,-73.9820768,1109.624
415 Red Hook Lane,40.6910753,-73.988789,1258875489,40.6899251,-73.9813796,942.322
415 Red Hook Lane,40.6910753,-73.988789,1258875710,40.6920539,-73.9824379,881.636
415 Red Hook Lane,40.6910753,-73.988789,1258875754,40.688872,-73.9808694,817.461
415 Red Hook Lane,40.6910753,-73.988789,1258945540,40.6932475,-73.9887372,242.994
415 Red Hook Lane,40.6910753,-73.988789,1258945651,40.693201,-73.9888695,236.305
415 Red Hook Lane,40.6910753,-73.988789,1693893347,40.6931259,-73.9872481,348.159
415 Red Hook Lane,40.6910753,-73.988789,2696777590,40.6899461,-73.983563,560.855
415 Red Hook Lane,40.6910753,-73.988789,3026465132,40.6936053,-73.9833753,738.029
415 Red Hook Lane,40.6910753,-73.988789,3536386693,40.6932538,-73.9862175,452.88899999999995
415 Red Hook Lane,40.6910753,-73.988789,4526565698,40.693721,-73.9834313,1154.652
415 Red Hook Lane,40.6910753,-73.988789,4735727610,40.6922318,-73.9872962,248.657
415 Red Hook Lane,40.6910753,-73.988789,5009155051,40.694921,-73.9860671,645.424
415 Red Hook Lane,40.6910753,-73.988789,6933321234,40.6910987,-73.9891992,0.0
415 Red Hook Lane,40.6910753,-73.988789,6993160951,40.6936085,-73.9842856,661.2810000000001
415 Red Hook Lane,40.6910753,-73.988789,10001058440,40.6949359,-73.988697,429.83500000000004
415 Red Hook Lane,40.6910753,-73.988789,11381945329,40.695257,-73.9886807,465.56600000000003
415 Red Hook Lane,40.6910753,-73.988789,11381945330,40.6961114,-73.9885861,561.022
204 Livingston Street,40.6895599,-73.9861426,42464631,40.6920559,-73.9826228,567.0569999999999
204 Livingston Street,40.6895599,-73.9861426,42464823,40.6921704,-73.9891263,474.308
204 Livingston Street,40.6895599,-73.9861426,42464824,40.6918024,-73.9882134,405.972
204 Livingston Street,40.6895599,-73.9861426,42464827,40.6914546,-73.9873387,322.699
204 Livingston Street,40.6895599,-73.9861426,42464832,40.690663,-73.9853532,350.30400000000003
204 Livingston Street,40.6895599,-73.9861426,42464834,40.690561,-73.985105,374.10600000000005
204 Livingston Street,40.6895599,-73.9861426,42464836,40.690292,-73.984433,438.17500000000007
204 Livingston Street,40.6895599,-73.9861426,42464838,40.6901448,-73.9840629,214.27799999999996
204 Livingston Street,40.6895599,-73.9861426,42464844,40.6897015,-73.9829511,320.18999999999994
204 Livingston Street,40.6895599,-73.9861426,42464847,40.689358,-73.982098,399.634
204 Livingston Street,40.6895599,-73.9861426,42464848,40.6889411,-73.9810499,499.428
204 Livingston Street,40.6895599,-73.9861426,42466438,40.6887841,-73.9835721,204.998
204 Livingston Street,40.6895599,-73.9861426,42469226,40.6932563,-73.9881544,568.634
204 Livingston Street,40.6895599,-73.9861426,42469228,40.6922794,-73.9881997,459.941
204 Livingston Street,40.6895599,-73.9861426,42480566,40.693036,-73.984292,758.1870000000001
204 Livingston Street,40.6895599,-73.9861426,42480569,40.6930502,-73.9852301,679.0790000000001
204 Livingston Street,40.6895599,-73.9861426,42480571,40.693088,-73.986226,595.0070000000001
204 Livingston Street,40.6895599,-73.9861426,42481889,40.6949665,-73.987162,713.524
204 Livingston Street,40.6895599,-73.9861426,42491554,40.6959659,-73.9845903,1047.119
204 Livingston Street,40.6895599,-73.9861426,42491582,40.6911662,-73.9821756,672.9279999999999
204 Livingston Street,40.6895599,-73.9861426,42491585,40.6899297,-73.9815542,656.067
204 Livingston Street,40.6895599,-73.9861426,42491589,40.688761,-73.980843,525.987
204 Livingston Street,40.6895599,-73.9861426,42492210,40.6904673,-73.9878775,203.42000000000002
204 Livingston Street,40.6895599,-73.9861426,42492213,40.6898629,-73.9882859,278.934
204 Livingston Street,40.6895599,-73.9861426,42494919,40.6922042,-73.9862727,376.831
204 Livingston Street,40.6895599,-73.9861426,42494920,40.6921587,-73.9852776,660.4309999999999
204 Livingston Street,40.6895599,-73.9861426,42494921,40.6921272,-73.9843423,581.497
204 Livingston Street,40.6895599,-73.9861426,42494924,40.6920899,-73.9833969,501.6809999999999
204 Livingston Street,40.6895599,-73.9861426,42496432,40.691039,-73.9894028,347.11400000000003
204 Livingston Street,40.6895599,-73.9861426,42497737,40.6960551,-73.9871076,834.659
204 Livingston Street,40.6895599,-73.9861426,42502404,40.689222,-73.9846917,98.77999999999999
204 Livingston Street,40.6895599,-73.9861426,42510861,40.6901632,-73.9870995,129.621
204 Livingston Street,40.6895599,-73.9861426,42515825,40.6903899,-73.9898327,427.94700000000006
204 Livingston Street,40.6895599,-73.9861426,42523094,40.6890086,-73.9861587,78.679
204 Livingston Street,40.6895599,-73.9861426,42523684,40.6896291,-73.985733,0.0
204 Livingston Street,40.6895599,-73.9861426,42523688,40.688451,-73.9827164,286.099
204 Livingston Street,40.6895599,-73.9861426,42523691,40.6879371,-73.9813995,410.976
204 Livingston Street,40.6895599,-73.9861426,42523903,40.6905587,-73.9826854,752.9949999999999
204 Livingston Street,40.6895599,-73.9861426,278630368,40.692096,-73.9889495,457.26
204 Livingston Street,40.6895599,-73.9861426,278630910,40.6909958,-73.9892384,332.444
204 Livingston Street,40.6895599,-73.9861426,278631323,40.6903367,-73.9896591,443.73400000000004
204 Livingston Street,40.6895599,-73.9861426,278632281,40.6925287,-73.9888795,505.832
204 Livingston Street,40.6895599,-73.9861426,278632502,40.6950187,-73.9886923,783.417
204 Livingston Street,40.6895599,-73.9861426,278632503,40.6961134,-73.988653,905.227
204 Livingston Street,40.6895599,-73.9861426,588036470,40.6910889,-73.986427,248.131
204 Livingston Street,40.6895599,-73.9861426,597844593,40.6929609,-73.9833513,956.6450000000001
204 Livingston Street,40.6895599,-73.9861426,597844596,40.6930266,-73.9831149,966.614
204 Livingston Street,40.6895599,-73.9861426,597844756,40.6924916,-73.9905666,601.769
204 Livingston Street,40.6895599,-73.9861426,597844772,40.6936062,-73.9835754,881.7260000000001
204 Livingston Street,40.6895599,-73.9861426,1258875373,40.6913337,-73.9820768,808.639
204 Livingston Street,40.6895599,-73.9861426,1258875489,40.6899251,-73.9813796,641.337
204 Livingston Street,40.6895599,-73.9861426,1258875710,40.6920539,-73.9824379,582.6479999999999
204 Livingston Street,40.6895599,-73.9861426,1258875754,40.688872,-73.9808694,516.476
204 Livingston Street,40.6895599,-73.9861426,1258945540,40.6932475,-73.9887372,587.361
204 Livingston Street,40.6895599,-73.9861426,1258945651,40.693201,-73.9888695,580.672
204 Livingston Street,40.6895599,-73.9861426,1693893347,40.6931259,-73.9872481,508.72700000000003
204 Livingston Street,40.6895599,-73.9861426,2696777590,40.6899461,-73.983563,261.86699999999996
204 Livingston Street,40.6895599,-73.9861426,3026465132,40.6936053,-73.9833753,898.5970000000001
204 Livingston Street,40.6895599,-73.9861426,3536386693,40.6932538,-73.9862175,613.4570000000001
204 Livingston Street,40.6895599,-73.9861426,4526565698,40.693721,-73.9834313,1315.22
204 Livingston Street,40.6895599,-73.9861426,4735727610,40.6922318,-73.9872962,409.225
204 Livingston Street,40.6895599,-73.9861426,5009155051,40.694921,-73.9860671,805.992
204 Livingston Street,40.6895599,-73.9861426,6933321234,40.6910987,-73.9891992,344.367
204 Livingston Street,40.6895599,-73.9861426,6993160951,40.6936085,-73.9842856,821.8490000000002
204 Livingston Street,40.6895599,-73.9861426,10001058440,40.6949359,-73.988697,774.202
204 Livingston Street,40.6895599,-73.9861426,11381945329,40.695257,-73.9886807,809.933
204 Livingston Street,40.6895599,-73.9861426,11381945330,40.6961114,-73.9885861,905.389
189 Schermerhorn Street,40.6895297,-73.9864671,42464631,40.6920559,-73.9826228,567.0569999999999
189 Schermerhorn Street,40.6895297,-73.9864671,42464823,40.6921704,-73.9891263,474.308
189 Schermerhorn Street,40.6895297,-73.9864671,42464824,40.6918024,-73.9882134,405.972
189 Schermerhorn Street,40.6895297,-73.9864671,42464827,40.6914546,-73.9873387,322.699
189 Schermerhorn Street,40.6895297,-73.9864671,42464832,40.690663,-73.9853532,350.30400000000003
189 Schermerhorn Street,40.6895297,-73.9864671,42464834,40.690561,-73.985105,374.10600000000005
189 Schermerhorn Street,40.6895297,-73.9864671,42464836,40.690292,-73.984433,438.17500000000007
189 Schermerhorn Street,40.6895297,-73.9864671,42464838,40.6901448,-73.9840629,214.27799999999996
189 Schermerhorn Street,40.6895297,-73.9864671,42464844,40.6897015,-73.9829511,320.18999999999994
189 Schermerhorn Street,40.6895297,-73.9864671,42464847,40.689358,-73.982098,399.634
189 Schermerhorn Street,40.6895297,-73.9864671,42464848,40.6889411,-73.9810499,499.428
189 Schermerhorn Street,40.6895297,-73.9864671,42466438,40.6887841,-73.9835721,204.998
189 Schermerhorn Street,40.6895297,-73.9864671,42469226,40.6932563,-73.9881544,568.634
189 Schermerhorn Street,40.6895297,-73.9864671,42469228,40.6922794,-73.9881997,459.941
189 Schermerhorn Street,40.6895297,-73.9864671,42480566,40.693036,-73.984292,758.1870000000001
189 Schermerhorn Street,40.6895297,-73.9864671,42480569,40.6930502,-73.9852301,679.0790000000001
189 Schermerhorn Street,40.6895297,-73.9864671,42480571,40.693088,-73.986226,595.0070000000001
189 Schermerhorn Street,40.6895297,-73.9864671,42481889,40.6949665,-73.987162,713.524
189 Schermerhorn Street,40.6895297,-73.9864671,42491554,40.6959659,-73.9845903,1047.119
189 Schermerhorn Street,40.6895297,-73.9864671,42491582,40.6911662,-73.9821756,672.9279999999999
189 Schermerhorn Street,40.6895297,-73.9864671,42491585,40.6899297,-73.9815542,656.067
189 Schermerhorn Street,40.6895297,-73.9864671,42491589,40.688761,-73.980843,525.987
189 Schermerhorn Street,40.6895297,-73.9864671,42492210,40.6904673,-73.9878775,203.42000000000002
189 Schermerhorn Street,40.6895297,-73.9864671,42492213,40.6898629,-73.9882859,278.934
189 Schermerhorn Street,40.6895297,-73.9864671,42494919,40.6922042,-73.9862727,376.831
189 Schermerhorn Street,40.6895297,-73.9864671,42494920,40.6921587,-73.9852776,660.4309999999999
189 Schermerhorn Street,40.6895297,-73.9864671,42494921,40.6921272,-73.9843423,581.497
189 Schermerhorn Street,40.6895297,-73.9864671,42494924,40.6920899,-73.9833969,501.6809999999999
189 Schermerhorn Street,40.6895297,-73.9864671,42496432,40.691039,-73.9894028,347.11400000000003
189 Schermerhorn Street,40.6895297,-73.9864671,42497737,40.6960551,-73.9871076,834.659
189 Schermerhorn Street,40.6895297,-73.9864671,42502404,40.689222,-73.9846917,98.77999999999999
189 Schermerhorn Street,40.6895297,-73.9864671,42510861,40.6901632,-73.9870995,129.621
189 Schermerhorn Street,40.6895297,-73.9864671,42515825,40.6903899,-73.9898327,427.94700000000006
189 Schermerhorn Street,40.6895297,-73.9864671,42523094,40.6890086,-73.9861587,78.679
189 Schermerhorn Street,40.6895297,-73.9864671,42523684,40.6896291,-73.985733,0.0
189 Schermerhorn Street,40.6895297,-73.9864671,42523688,40.688451,-73.9827164,286.099
189 Schermerhorn Street,40.6895297,-73.9864671,42523691,40.6879371,-73.9813995,410.976
189 Schermerhorn Street,40.6895297,-73.9864671,42523903,40.6905587,-73.9826854,752.9949999999999
189 Schermerhorn Street,40.6895297,-73.9864671,278630368,40.692096,-73.9889495,457.26
189 Schermerhorn Street,40.6895297,-73.9864671,278630910,40.6909958,-73.9892384,332.444
189 Schermerhorn Street,40.6895297,-73.9864671,278631323,40.6903367,-73.9896591,443.73400000000004
189 Schermerhorn Street,40.6895297,-73.9864671,278632281,40.6925287,-73.9888795,505.832
189 Schermerhorn Street,40.6895297,-73.9864671,278632502,40.6950187,-73.9886923,783.417
189 Schermerhorn Street,40.6895297,-73.9864671,278632503,40.6961134,-73.988653,905.227
189 Schermerhorn Street,40.6895297,-73.9864671,588036470,40.6910889,-73.986427,248.131
189 Schermerhorn Street,40.6895297,-73.9864671,597844593,40.6929609,-73.9833513,956.6450000000001
189 Schermerhorn Street,40.6895297,-73.9864671,597844596,40.6930266,-73.9831149,966.614
189 Schermerhorn Street,40.6895297,-73.9864671,597844756,40.6924916,-73.9905666,601.769
189 Schermerhorn Street,40.6895297,-73.9864671,597844772,40.6936062,-73.9835754,881.7260000000001
189 Schermerhorn Street,40.6895297,-73.9864671,1258875373,40.6913337,-73.9820768,808.639
189 Schermerhorn Street,40.6895297,-73.9864671,1258875489,40.6899251,-73.9813796,641.337
189 Schermerhorn Street,40.6895297,-73.9864671,1258875710,40.6920539,-73.9824379,582.6479999999999
189 Schermerhorn Street,40.6895297,-73.9864671,1258875754,40.688872,-73.9808694,516.476
189 Schermerhorn Street,40.6895297,-73.9864671,1258945540,40.6932475,-73.9887372,587.361
189 Schermerhorn Street,40.6895297,-73.9864671,1258945651,40.693201,-73.9888695,580.672
189 Schermerhorn Street,40.6895297,-73.9864671,1693893347,40.6931259,-73.9872481,508.72700000000003
189 Schermerhorn Street,40.6895297,-73.9864671,2696777590,40.6899461,-73.983563,261.86699999999996
189 Schermerhorn Street,40.6895297,-73.9864671,3026465132,40.6936053,-73.9833753,898.5970000000001
189 Schermerhorn Street,40.6895297,-73.9864671,3536386693,40.6932538,-73.9862175,613.4570000000001
189 Schermerhorn Street,40.6895297,-73.9864671,4526565698,40.693721,-73.9834313,1315.22
189 Schermerhorn Street,40.6895297,-73.9864671,4735727610,40.6922318,-73.9872962,409.225
189 Schermerhorn Street,40.6895297,-73.9864671,5009155051,40.694921,-73.9860671,805.992
189 Schermerhorn Street,40.6895297,-73.9864671,6933321234,40.6910987,-73.9891992,344.367
189 Schermerhorn Street,40.6895297,-73.9864671,6993160951,40.6936085,-73.9842856,821.8490000000002
189 Schermerhorn Street,40.6895297,-73.9864671,10001058440,40.6949359,-73.988697,774.202
189 Schermerhorn Street,40.6895297,-73.9864671,11381945329,40.695257,-73.9886807,809.933
189 Schermerhorn Street,40.6895297,-73.9864671,11381945330,40.6961114,-73.9885861,905.389
35 Nevins Street,40.6874842,-73.9814988,42464631,40.6920559,-73.9826228,683.366
35 Nevins Street,40.6874842,-73.9814988,42464823,40.6921704,-73.9891263,885.284
35 Nevins Street,40.6874842,-73.9814988,42464824,40.6918024,-73.9882134,816.948
35 Nevins Street,40.6874842,-73.9814988,42464827,40.6914546,-73.9873387,733.675
35 Nevins Street,40.6874842,-73.9814988,42464832,40.690663,-73.9853532,761.28
35 Nevins Street,40.6874842,-73.9814988,42464834,40.690561,-73.985105,785.082
35 Nevins Street,40.6874842,-73.9814988,42464836,40.690292,-73.984433,849.151
35 Nevins Street,40.6874842,-73.9814988,42464838,40.6901448,-73.9840629,427.694
35 Nevins Street,40.6874842,-73.9814988,42464844,40.6897015,-73.9829511,319.85300000000007
35 Nevins Street,40.6874842,-73.9814988,42464847,40.689358,-73.982098,238.41200000000003
35 Nevins Street,40.6874842,-73.9814988,42464848,40.6889411,-73.9810499,338.206
35 Nevins Street,40.6874842,-73.9814988,42466438,40.6887841,-73.9835721,205.978
35 Nevins Street,40.6874842,-73.9814988,42469226,40.6932563,-73.9881544,979.6099999999999
35 Nevins Street,40.6874842,-73.9814988,42469228,40.6922794,-73.9881997,870.9169999999999
35 Nevins Street,40.6874842,-73.9814988,42480566,40.693036,-73.984292,1169.1629999999998
35 Nevins Street,40.6874842,-73.9814988,42480569,40.6930502,-73.9852301,1090.0549999999998
35 Nevins Street,40.6874842,-73.9814988,42480571,40.693088,-73.986226,1005.9829999999998
35 Nevins Street,40.6874842,-73.9814988,42481889,40.6949665,-73.987162,1124.4999999999998
35 Nevins Street,40.6874842,-73.9814988,42491554,40.6959659,-73.9845903,1458.0949999999998
35 Nevins Street,40.6874842,-73.9814988,42491582,40.6911662,-73.9821756,789.237
35 Nevins Street,40.6874842,-73.9814988,42491585,40.6899297,-73.9815542,494.845
35 Nevins Street,40.6874842,-73.9814988,42491589,40.688761,-73.980843,364.765
35 Nevins Street,40.6874842,-73.9814988,42492210,40.6904673,-73.9878775,614.396
35 Nevins Street,40.6874842,-73.9814988,42492213,40.6898629,-73.9882859,689.91
35 Nevins Street,40.6874842,-73.9814988,42494919,40.6922042,-73.9862727,787.807
35 Nevins Street,40.6874842,-73.9814988,42494920,40.6921587,-73.9852776,776.74
35 Nevins Street,40.6874842,-73.9814988,42494921,40.6921272,-73.9843423,697.806
35 Nevins Street,40.6874842,-73.9814988,42494924,40.6920899,-73.9833969,617.99
35 Nevins Street,40.6874842,-73.9814988,42496432,40.691039,-73.9894028,758.0899999999999
35 Nevins Street,40.6874842,-73.9814988,42497737,40.6960551,-73.9871076,1245.6349999999998
35 Nevins Street,40.6874842,-73.9814988,42502404,40.689222,-73.9846917,312.196
35 Nevins Street,40.6874842,-73.9814988,42510861,40.6901632,-73.9870995,540.597
35 Nevins Street,40.6874842,-73.9814988,42515825,40.6903899,-73.9898327,838.9229999999999
35 Nevins Street,40.6874842,-73.9814988,42523094,40.6890086,-73.9861587,489.655
35 Nevins Street,40.6874842,-73.9814988,42523684,40.6896291,-73.985733,410.976
35 Nevins Street,40.6874842,-73.9814988,42523688,40.688451,-73.9827164,124.87700000000001
35 Nevins Street,40.6874842,-73.9814988,42523691,40.6879371,-73.9813995,0.0
35 Nevins Street,40.6874842,-73.9814988,42523903,40.6905587,-73.9826854,869.304
35 Nevins Street,40.6874842,-73.9814988,278630368,40.692096,-73.9889495,868.236
35 Nevins Street,40.6874842,-73.9814988,278630910,40.6909958,-73.9892384,743.42
35 Nevins Street,40.6874842,-73.9814988,278631323,40.6903367,-73.9896591,854.7099999999999
35 Nevins Street,40.6874842,-73.9814988,278632281,40.6925287,-73.9888795,916.808
35 Nevins Street,40.6874842,-73.9814988,278632502,40.6950187,-73.9886923,1194.393
35 Nevins Street,40.6874842,-73.9814988,278632503,40.6961134,-73.988653,1316.2030000000002
35 Nevins Street,40.6874842,-73.9814988,588036470,40.6910889,-73.986427,659.107
35 Nevins Street,40.6874842,-73.9814988,597844593,40.6929609,-73.9833513,1367.6209999999999
35 Nevins Street,40.6874842,-73.9814988,597844596,40.6930266,-73.9831149,1377.59
35 Nevins Street,40.6874842,-73.9814988,597844756,40.6924916,-73.9905666,1012.745
35 Nevins Street,40.6874842,-73.9814988,597844772,40.6936062,-73.9835754,1292.7019999999998
35 Nevins Street,40.6874842,-73.9814988,1258875373,40.6913337,-73.9820768,647.417
35 Nevins Street,40.6874842,-73.9814988,1258875489,40.6899251,-73.9813796,480.115
35 Nevins Street,40.6874842,-73.9814988,1258875710,40.6920539,-73.9824379,698.957
35 Nevins Street,40.6874842,-73.9814988,1258875754,40.688872,-73.9808694,355.254
35 Nevins Street,40.6874842,-73.9814988,1258945540,40.6932475,-73.9887372,998.337
35 Nevins Street,40.6874842,-73.9814988,1258945651,40.693201,-73.9888695,991.648
35 Nevins Street,40.6874842,-73.9814988,1693893347,40.6931259,-73.9872481,919.7029999999999
35 Nevins Street,40.6874842,-73.9814988,2696777590,40.6899461,-73.983563,378.17600000000004
35 Nevins Street,40.6874842,-73.9814988,3026465132,40.6936053,-73.9833753,1309.5729999999999
35 Nevins Street,40.6874842,-73.9814988,3536386693,40.6932538,-73.9862175,1024.4329999999998
35 Nevins Street,40.6874842,-73.9814988,4526565698,40.693721,-73.9834313,1726.196
35 Nevins Street,40.6874842,-73.9814988,4735727610,40.6922318,-73.9872962,820.2009999999999
35 Nevins Street,40.6874842,-73.9814988,5009155051,40.694921,-73.9860671,1216.9679999999998
35 Nevins Street,40.6874842,-73.9814988,6933321234,40.6910987,-73.9891992,755.343
35 Nevins Street,40.6874842,-73.9814988,6993160951,40.6936085,-73.9842856,1232.8249999999998
35 Nevins Street,40.6874842,-73.9814988,10001058440,40.6949359,-73.988697,1185.178
35 Nevins Street,40.6874842,-73.9814988,11381945329,40.695257,-73.9886807,1220.909
35 Nevins Street,40.6874842,-73.9814988,11381945330,40.6961114,-73.9885861,1316.365
